post_title,post_excerpt,featured_image,post_author,post_type,purchase,price,rating,pros,cons,market,post_date,colors,height,width,thickness,dimensions,dimensions_after_folding,weight,manufacturing_materials,networks,internet_speed,slide_type,number_of_slides,other_in_networks_and_segments,screen_type,screen_size,refresh_rate,screen_resolution,screen_dimensions,screen_ratio,pixel_density,screen_brightness,flicker_rate,touch_rate,screen_protection,other_in_screen,screen_type_after_folding,screen_size_after_folding,refresh_rate_after_folding,screen_resolution_after_folding,screen_dimensions_after_folding,pixel_density_after_folding,screen_brightness_after_folding,flicker_rate_after_folding,touch_rate_after_folding,screen_protection_after_folding,other_in_screen_after_folding,processor,manufacturing_precision,number_of_cores,processor_frequency,graphics_processor,ram,internal_memory,storage_memory_type,ram_type,external_memory,antutu_score,operating_system,user_interface,back_camera_main,number_of_back_cameras,back_camera_resolution,back_camera_lens_slot,back_camera_sensors,other_in_back_camera,back_camera_zoom,back_camera_stabilizing,back_camera_slow_motion,back_camera_video_shooting,back_flash,back_flash_type,front_camera_resolution_in_back,other_in_front_camera_in_back,front_camera_main,number_of_front_cameras,front_camera_resolution,front_camera_lens_slot,other_in_front_camera,front_camera_video_shooting,front_flash,number_of_speakers,mm35_port,fm_radio,other_in_sound,wifi,bluetooth,gps,nfc,ir_blaster,usb_port,fast_charging,battery_charging_duration,wireless_charging,reverse_wireless_charging,battery_capacity,battery_type,battery_removability,sensors,security,protection,box_contents,other_in_other,rank_math_focus_keyword,post_category
iPhone 14,الهاتف يأتي مزود بمعالج Apple A15 Bionic بدقة تصنيع 5 نانومتر (يعتبر من اقوى المعالجات لسنة 2021),https://mob4g.com/wp-content/uploads/2022/09/iPhone-14-1.webp,apple,هاتف,https://www.amazon.eg/s?k=iPhone+14,600,4.5,"الهاتف يأتي مزود بشاشة Super Retina XDR OLED بدقة 1170x2532 بكسل (+FHD)

الهاتف مزود بكاميرا مزدوجة بدقة 12 و 12 ميجابكسل تدعم تصوير الفيديو بدقة 4K

دقة الكاميرا الأمامية 12 ميجابكسل تدعم تصوير الفيديو بدقة 4K

ذاكرة الوصول العشوائي الرام 6 جيجابايت

الهاتف يأتي مزود بمعالج Apple A15 Bionic بدقة تصنيع 5 نانومتر (يعتبر من اقوى المعالجات لسنة 2021)

الهاتف يدعم شبكات اتصالات الجيل الخامس 5G يمكن أن تصل سرعتها 3.7 جيجابايت

الهاتف مقاوم للماء والغبار بمعيار IP68

الهاتف يدعم الشحن السريع للبطارية (بقوة 20 واط)","الهاتف لا يدعم معدل تحديث الشاشة 90 أو 120 هرتز

الهاتف يفتقر إلى فتحة MicroSD لتوسيع التخزين الخارجي

الهاتف يفتقر لمنفذ سماعات الأذن 3.5mm jack

الهاتف غير مزود بمستشعر بصمة الأصابع",العالمي,2022-09-1 0:0,"الأسود
الأبيض
الأزرق
الأحمر
البنفسجي",146.7 مم,71.5 مم,7.8 مم,,,172 غرام,الإطار الجانبي للهاتف مصنوع من الألومنيوم مع ظهر من الزجاج (غوريلا جلاس),5G,"شبكات 3G تصل حتى 42 ميجابايت
شبكات 4G تصل حتى 1.2 جيجابايت
شبكات 5G تصل حتى 3.7 جيجابايت","Nano SIM<br>,eSIM<br>",شريحة واحدة,"GPRS<br>,EDGE<br>",Super Retina XDR OLED,6.1 بوصة,,1170x2532 بكسل,19.5:9,86.0 في المئة,460 بكسل في كل إنش,800 شمعة,,,"زجاج سيراميك مقاوم للخدش
طبقة مقاومة للزيوت وبصمات الأصابع","تقنية HDR10
تقنية Dolby Vision
تقنية True-tone
تقنية التدرج اللوني الواسع
وضع حماية العين
الوضع الليلي
16 مليون لون",,,,,,,,,,,,Apple A15 Bionic,5 نانومتر,سداسي النواة,"ثنائي النواة 3.23 جيجاهرتز
رباعي النواة 1.82 جيجاهرتز",Apple GPU (خماسي النواة),6 جيجابايت<br>,"128 جيجابايت<br>,256 جيجابايت<br>,512 جيجابايت<br>",NVMe,,لا يدعم,,iOS 16,,12 + 12 ميجابكسل,12 + 12 ميجابكسل,"12 ميجابكسل: كاميرا رئيسية (OIS)
12 ميجابكسل: زاوية واسعة",,,"التركيز التلقائي اوتو فوكس (AF)
التقاط الصور بزاوية واسعة (Ultrawide)
تقنية التثبيت البصري (OIS)
وضع عزل الخلفية
وضع التصوير الليلي
وضع التصوير الإحترافي
تقريب رقمي
العنونة الجغرافية
التركيز باللمس
كشف الوجوه والابتسامات
بانوراما
تقنية HDR
إعدادات ISO
التشغيل السريع
المؤقت الذاتي
الالتقاط المستمر
إعدادات توازن اللون الأبيض",,,,"دقة 4K (بمعدل 30/60 إطار)
دقة FHD (بمعدل 30/60 إطار)
تصوير الفيديو بتقنية Dolby Vision و HDR
وضع التصوير السينمائي (Cinematic mode)
التصوير بالحركة البطيئة (Slow Motion)",يدعم,,,,,,12 ميجابكسل,,"التركيز التلقائي اوتو فوكس (AF)
وضع عزل الخلفية
وضع التصوير الليلي
تقنية HDR
إشارة الالتقاط
كشف الوجوه والابتسامات
المؤقت الذاتي","دقة 4K (بمعدل 30/60 إطار)
دقة FHD (بمعدل 30/60 إطار)
وضع التصوير السينمائي (Cinematic mode)
التصوير بالحركة البطيئة (Slow Motion)
تقنية التثبيت الرقمي (EIS)",لا يدعم,يدعم (2 سماعات ستيريو),لا يدعم,لا يدعم,,"إصدار Wi-Fi 6
a/b/g/n/ac/ax
Dual-band
Hotspot نقطة الاتصال","إصدار 5.3
A2DP
LE",يدعم,يدعم,لا يدعم,منفذ Lightning,30 واط,,7.5 واط,لا يدعم,3279 مللي أمبير,ليثيوم ايون,غير قابلة للإزالة,"التسارع
جيروسكوب
التقارب
البوصلة
بارومتر","التعرف على الوجه (Face ID)
الرقم السري
كلمة السر",الهاتف مقاوم للماء والغبار بمعيار IP68 (مقاومة الماء تصل الى 6 أمتار و30 دقيقة تحت الماء),"الجهاز
كابل USB
دبوس الشرائح","دعم تقنية اتصال عبر الأقمار الصناعية (رسائل الطوارئ فقط)
تقنية النطاق العريض (UWB)
المساعد الشخصي Siri
خاصية Apple Pay","iphone 14,iphone 14,مواصفات iphone 14,مواصفات iphone 14,سعر iphone 14,سعر iphone 14,مميزات iphone 14,مميزات iphone 14,عيوب iphone 14,عيوب iphone 14","هواتف,أيفون"
iPhone 14 Plus,الهاتف يأتي مزود بمعالج Apple A15 Bionic بدقة تصنيع 5 نانومتر (يعتبر من اقوى المعالجات لسنة 2021),https://mob4g.com/wp-content/uploads/2022/09/iPhone-14-Plus-2.webp,apple,هاتف,https://www.amazon.eg/s?k=iPhone+14+Plus,700,4.7,"شاشة الهاتف كبيرة بحجم 6.7 بوصة تغطي معضم واجهة الهاتف مع نوتش أعلى الشاشة

الهاتف يأتي مزود بشاشة Super Retina XDR OLED بدقة 1284x2778 بكسل (+FHD)

الهاتف مزود بكاميرا مزدوجة بدقة 12 و 12 ميجابكسل تدعم تصوير الفيديو بدقة 4K

دقة الكاميرا الأمامية 12 ميجابكسل تدعم تصوير الفيديو بدقة 4K

ذاكرة الوصول العشوائي الرام 6 جيجابايت

الهاتف يأتي مزود بمعالج Apple A15 Bionic بدقة تصنيع 5 نانومتر (يعتبر من اقوى المعالجات لسنة 2021)

الهاتف يدعم شبكات اتصالات الجيل الخامس 5G يمكن أن تصل سرعتها 3.7 جيجابايت

الهاتف مقاوم للماء والغبار بمعيار IP68

الهاتف يدعم الشحن السريع للبطارية (بقوة 20 واط)","الهاتف لا يدعم معدل تحديث الشاشة 90 أو 120 هرتز

الهاتف يفتقر إلى فتحة MicroSD لتوسيع التخزين الخارجي

الهاتف يفتقر لمنفذ سماعات الأذن 3.5mm jack

الهاتف غير مزود بمستشعر بصمة الأصابع",العالمي,2022-09-1 0:1,"الأسود
الأبيض
الأزرق
الأحمر
البنفسجي",160.8 مم,78.1 مم,7.8 مم,,,203 غرام,الإطار الجانبي الهاتف مصنوع من الألومنيوم مع ظهر من الزجاج (غوريلا جلاس),5G,"شبكات 3G تصل حتى 42 ميجابايت
شبكات 4G تصل حتى 1.2 جيجابايت
شبكات 5G تصل حتى 3.7 جيجابايت","Nano SIM<br>,eSIM<br>",شريحة واحدة,"GPRS<br>,EDGE<br>",Super Retina XDR OLED,6.7 بوصة,,1284x2778 بكسل,19.5:9,87.4 في المئة,458 بكسل في كل إنش,800 شمعة,,,"زجاج سيراميك مقاوم للخدش
طبقة مقاومة للزيوت وبصمات الأصابع","تقنية HDR10
تقنية Dolby Vision
تقنية True-tone
تقنية التدرج اللوني الواسع
وضع حماية العين
الوضع الليلي
16 مليون لون",,,,,,,,,,,,Apple A15 Bionic,5 نانومتر,سداسي النواة,"ثنائي النواة 3.23 جيجاهرتز
رباعي النواة 1.82 جيجاهرتز",Apple GPU (خماسي النواة),6 جيجابايت<br>,"128 جيجابايت<br>,256 جيجابايت<br>,512 جيجابايت<br>",NVMe,,لا يدعم,,iOS 16,,12 + 12 ميجابكسل,12 + 12 ميجابكسل,"12 ميجابكسل: كاميرا رئيسية (OIS)
12 ميجابكسل: زاوية واسعة",,,"التركيز التلقائي اوتو فوكس (AF)
التقاط الصور بزاوية واسعة (Ultrawide)
تقنية التثبيت البصري (OIS)
وضع عزل الخلفية
وضع التصوير الليلي
وضع التصوير الإحترافي
تقريب رقمي
العنونة الجغرافية
التركيز باللمس
كشف الوجوه والابتسامات
بانوراما
تقنية HDR
إعدادات ISO
التشغيل السريع
المؤقت الذاتي
الالتقاط المستمر
إعدادات توازن اللون الأبيض",,,,"دقة 4K (بمعدل 30/60 إطار)
دقة FHD (بمعدل 30/60 إطار)
تصوير الفيديو بتقنية Dolby Vision و HDR
وضع التصوير السينمائي (Cinematic mode)
التصوير بالحركة البطيئة (Slow Motion)",يدعم,,,,,,12 ميجابكسل,,"التركيز التلقائي اوتو فوكس (AF)
وضع عزل الخلفية
وضع التصوير الليلي
تقنية HDR
إشارة الالتقاط
كشف الوجوه والابتسامات
المؤقت الذاتي","دقة 4K (بمعدل 30/60 إطار)
دقة FHD (بمعدل 30/60 إطار)
وضع التصوير السينمائي (Cinematic mode)
التصوير بالحركة البطيئة (Slow Motion)
تقنية التثبيت الرقمي (EIS)",لا يدعم,يدعم (2 سماعات ستيريو),لا يدعم,لا يدعم,,"إصدار Wi-Fi 6
a/b/g/n/ac/ax
Dual-band
Hotspot نقطة الاتصال","إصدار 5.3
A2DP
LE",يدعم,يدعم,لا يدعم,منفذ Lightning,30 واط,,7.5 واط,لا يدعم,4323 مللي أمبير,ليثيوم ايون,غير قابلة للإزالة,"التسارع
جيروسكوب
التقارب
البوصلة
بارومتر","التعرف على الوجه (Face ID)
الرقم السري
كلمة السر",الهاتف مقاوم للماء والغبار بمعيار IP68 (مقاومة الماء تصل الى 6 أمتار و30 دقيقة تحت الماء),"الجهاز
كابل USB
دبوس الشرائح","دعم تقنية اتصال عبر الأقمار الصناعية (رسائل الطوارئ فقط)
تقنية النطاق العريض (UWB)
المساعد الشخصي Siri
خاصية Apple Pay","iphone 14 plus,آيفون 14 بلس,مواصفات iphone 14 plus,مواصفات آيفون 14 بلس,سعر iphone 14 plus,سعر آيفون 14 بلس,مميزات iphone 14 plus,مميزات آيفون 14 بلس,عيوب iphone 14 plus,عيوب آيفون 14 بلس","هواتف,أيفون"
iPhone 14 Pro,الهاتف يأتي مزود بمعالج Apple A16 Bionic بدقة تصنيع 4 نانومتر (يعتبر من اقوى المعالجات لسنة 2022),https://mob4g.com/wp-content/uploads/2022/09/iPhone-14-Pro.webp,apple,هاتف,https://www.amazon.eg/s?k=iPhone+14+Pro,800,4.7,"الهاتف يدعم معدل تحديث الشاشة 120 هرتز

الهاتف يأتي مزود بشاشة LTPO OLED بدقة 1179x2556 بكسل (+FHD)

الهاتف مزود بثلاث كاميرات بدقة 48 و 12 و 12 ميجابكسل تدعم تصوير الفيديو بدقة 4K

دقة الكاميرا الأمامية 12 ميجابكسل تدعم تصوير الفيديو بدقة 4K

ذاكرة الوصول العشوائي الرام 6 جيجابايت

الهاتف يأتي مزود بمعالج Apple A16 Bionic بدقة تصنيع 4 نانومتر (يعتبر من اقوى المعالجات لسنة 2022)

الهاتف يدعم شبكات اتصالات الجيل الخامس 5G يمكن أن تصل سرعتها 3.7 جيجابايت

الهاتف مقاوم للماء والغبار بمعيار IP68

الهاتف يدعم الشحن السريع للبطارية (بقوة 20 واط)","الهاتف يفتقر إلى فتحة MicroSD لتوسيع التخزين الخارجي

الهاتف يفتقر لمنفذ سماعات الأذن 3.5mm jack

الهاتف غير مزود بمستشعر بصمة الأصابع",العالمي,2022-09-1 0:2,"الأسود
الفضي
الذهبي
الأرجواني",147.5 مم,71.5 مم,7.9 مم,,,206 غرام,الإطار الجانبي الهاتف مصنوع من الفولاذ المقاوم للصدأ مع ظهر من الزجاج (غوريلا جلاس),5G,"شبكات 3G تصل حتى 42 ميجابايت
شبكات 4G تصل حتى 1.2 جيجابايت
شبكات 5G تصل حتى 3.7 جيجابايت","Nano SIM<br>,eSIM<br>",شريحة واحدة,"GPRS<br>,EDGE<br>",LTPO OLED,6.1 بوصة,120 هرتز,1179x2556 بكسل,19.5:9,87.0 في المئة,460 بكسل في كل إنش,2000 شمعة,,,"زجاج سيراميك مقاوم للخدش
طبقة مقاومة للزيوت وبصمات الأصابع","خاصية Always-On display
تقنية HDR10
تقنية Dolby Vision
تقنية True-tone
تقنية التدرج اللوني الواسع
وضع حماية العين
الوضع الليلي
16 مليون لون",,,,,,,,,,,,Apple A16 Bionic,4 نانومتر,سداسي النواة,"ثنائي النواة 3.46 جيجاهرتز
رباعي النواة 2.02 جيجاهرتز",Apple GPU (خماسي النواة),6 جيجابايت<br>,"128 جيجابايت<br>,256 جيجابايت<br>,512 جيجابايت<br>,1 تيرابايت<br>",NVMe,,لا يدعم,,iOS 16,,48 + 12 + 12 ميجابكسل,48 + 12 + 12 ميجابكسل,"48 ميجابكسل: كاميرا رئيسية (OIS)
12 ميجابكسل: تقريب بصري (OIS)
12 ميجابكسل: زاوية واسعة (AF)",,,"التركيز التلقائي اوتو فوكس (AF)
التقاط الصور بزاوية واسعة (Ultrawide)
تقنية التثبيت البصري (OIS)
تقريب بصري حتى 3x",,,,"دقة 4K (بمعدل 30/60 إطار)
دقة FHD (بمعدل 30/60 إطار)
تصوير الفيديو بتقنية Dolby Vision و HDR
وضع التصوير السينمائي (Cinematic mode)
التصوير بالحركة البطيئة (Slow Motion)",يدعم,,,,,,12 ميجابكسل,,"التركيز التلقائي اوتو فوكس (AF)
وضع عزل الخلفية
وضع التصوير الليلي
تقنية HDR
إشارة الالتقاط
كشف الوجوه والابتسامات
المؤقت الذاتي","دقة 4K (بمعدل 30/60 إطار)
دقة FHD (بمعدل 30/60 إطار)
وضع التصوير السينمائي (Cinematic mode)
التصوير بالحركة البطيئة (Slow Motion)
تقنية التثبيت الرقمي (EIS)",لا يدعم,يدعم (2 سماعات ستيريو),لا يدعم,لا يدعم,,"إصدار Wi-Fi 6
a/b/g/n/ac/ax
Dual-band
Hotspot نقطة الاتصال","إصدار 5.3
A2DP
LE",يدعم,يدعم,لا يدعم,منفذ Lightning,30 واط,,7.5 واط,لا يدعم,3200 مللي أمبير,ليثيوم ايون,غير قابلة للإزالة,"التسارع
جيروسكوب
التقارب
البوصلة
بارومتر","التعرف على الوجه (Face ID)
الرقم السري
كلمة السر",الهاتف مقاوم للماء والغبار بمعيار IP68 (مقاومة الماء تصل الى 6 أمتار و30 دقيقة تحت الماء),"الجهاز
كابل USB
دبوس الشرائح","دعم تقنية اتصال عبر الأقمار الصناعية (رسائل الطوارئ فقط)
تقنية النطاق العريض (UWB)
المساعد الشخصي Siri
خاصية Apple Pay","iphone 14 pro,آيفون 14 برو,مواصفات iphone 14 pro,مواصفات آيفون 14 برو,سعر iphone 14 pro,سعر آيفون 14 برو,مميزات iphone 14 pro,مميزات آيفون 14 برو,عيوب iphone 14 pro,عيوب آيفون 14 برو","هواتف,أيفون"
iPhone 14 Pro Max,الهاتف يأتي مزود بمعالج Apple A16 Bionic بدقة تصنيع 4 نانومتر (يعتبر من اقوى المعالجات لسنة 2022),https://mob4g.com/wp-content/uploads/2022/09/iPhone-14-Pro-Max.webp,apple,هاتف,https://www.amazon.eg/s?k=iPhone+14+Pro+Max,900,4.9,"شاشة الهاتف كبيرة بحجم 6.7 بوصة تغطي معضم واجهة الهاتف مع ثقب للكاميرا الأمامية أعلى وسط الشاشة

الهاتف يدعم معدل تحديث الشاشة 120 هرتز
الهاتف يأتي مزود بشاشة LTPO OLED بدقة 1290x2796 بكسل (+FHD)

الهاتف مزود بثلاث كاميرات بدقة 48 و 12 و 12 ميجابكسل تدعم تصوير الفيديو بدقة 4K

دقة الكاميرا الأمامية 12 ميجابكسل تدعم تصوير الفيديو بدقة 4K

ذاكرة الوصول العشوائي الرام 6 جيجابايت

الهاتف يأتي مزود بمعالج Apple A16 Bionic بدقة تصنيع 4 نانومتر (يعتبر من اقوى المعالجات لسنة 2022)

الهاتف يدعم شبكات اتصالات الجيل الخامس 5G يمكن أن تصل سرعتها 3.7 جيجابايت

الهاتف مقاوم للماء والغبار بمعيار IP68

الهاتف يدعم الشحن السريع للبطارية (بقوة 20 واط)","الهاتف يفتقر إلى فتحة MicroSD لتوسيع التخزين الخارجي

الهاتف يفتقر لمنفذ سماعات الأذن 3.5mm jack

الهاتف غير مزود بمستشعر بصمة الأصابع",العالمي,2022-09-1 0:3,"الأسود
الفضي
الذهبي
الأرجواني",160.7 مم,77.6 مم,7.9 مم,,,240 غرام,الإطار الجانبي الهاتف مصنوع من الفولاذ المقاوم للصدأ مع ظهر من الزجاج (غوريلا جلاس),5G,"شبكات 3G تصل حتى 42 ميجابايت
شبكات 4G تصل حتى 1.2 جيجابايت
شبكات 5G تصل حتى 3.7 جيجابايت","Nano SIM<br>,eSIM<br>",شريحة واحدة,"GPRS<br>,EDGE<br>",LTPO OLED,6.7 بوصة,120 هرتز,1290x2796 بكسل,19.5:9,88.3 في المئة,460 بكسل في كل إنش,2000 شمعة,,,"زجاج سيراميك مقاوم للخدش
طبقة مقاومة للزيوت وبصمات الأصابع","خاصية Always-On display
تقنية HDR10
تقنية Dolby Vision
تقنية True-tone
تقنية التدرج اللوني الواسع
وضع حماية العين
الوضع الليلي
16 مليون لون",,,,,,,,,,,,Apple A16 Bionic,4 نانومتر,سداسي النواة,"ثنائي النواة 3.46 جيجاهرتز
رباعي النواة 2.02 جيجاهرتز",Apple GPU (خماسي النواة),6 جيجابايت<br>,"128 جيجابايت<br>,256 جيجابايت<br>,512 جيجابايت<br>,1 تيرابايت<br>",NVMe,,لا يدعم,,iOS 16,,48 + 12 + 12 ميجابكسل,48 + 12 + 12 ميجابكسل,"48 ميجابكسل: كاميرا رئيسية (OIS)
12 ميجابكسل: تقريب بصري (OIS)
12 ميجابكسل: زاوية واسعة (AF)",,,"التركيز التلقائي اوتو فوكس (AF)
التقاط الصور بزاوية واسعة (Ultrawide)
تقنية التثبيت البصري (OIS)
تقريب بصري حتى 3x",,,,"دقة 4K (بمعدل 30/60 إطار)
دقة FHD (بمعدل 30/60 إطار)
تصوير الفيديو بتقنية Dolby Vision و HDR
وضع التصوير السينمائي (Cinematic mode)
التصوير بالحركة البطيئة (Slow Motion)",يدعم,,,,,,12 ميجابكسل,,"التركيز التلقائي اوتو فوكس (AF)
وضع عزل الخلفية
وضع التصوير الليلي
تقنية HDR
إشارة الالتقاط
كشف الوجوه والابتسامات
المؤقت الذاتي","دقة 4K (بمعدل 30/60 إطار)
دقة FHD (بمعدل 30/60 إطار)
وضع التصوير السينمائي (Cinematic mode)
التصوير بالحركة البطيئة (Slow Motion)
تقنية التثبيت الرقمي (EIS)",لا يدعم,يدعم (2 سماعات ستيريو),لا يدعم,لا يدعم,,"إصدار Wi-Fi 6
a/b/g/n/ac/ax
Dual-band
Hotspot نقطة الاتصال","إصدار 5.3
A2DP
LE",يدعم,يدعم,لا يدعم,منفذ Lightning,30 واط,,7.5 واط,لا يدعم,4323 مللي أمبير,ليثيوم ايون,غير قابلة للإزالة,"التسارع
جيروسكوب
التقارب
البوصلة
بارومتر","التعرف على الوجه (Face ID)
الرقم السري
كلمة السر",الهاتف مقاوم للماء والغبار بمعيار IP68 (مقاومة الماء تصل الى 6 أمتار و30 دقيقة تحت الماء),"الجهاز
كابل USB
دبوس الشرائح","دعم تقنية اتصال عبر الأقمار الصناعية (رسائل الطوارئ فقط)
تقنية النطاق العريض (UWB)
المساعد الشخصي Siri
خاصية Apple Pay","iphone 14 pro max,ايفون 14 برو ماكس,مواصفات iphone 14 pro max,مواصفات ايفون 14 برو ماكس,سعر iphone 14 pro max,سعر ايفون 14 برو ماكس,مميزات iphone 14 pro max,مميزات ايفون 14 برو ماكس,عيوب iphone 14 pro max,عيوب ايفون 14 برو ماكس","هواتف,أيفون"
iPad 10.9 10th Gen,التابلت يأتي مزود بمعالج Apple A14 Bionic سداسي النواة بتردد 3.0 و 1.8 جيجاهرتز بدقة تصنيع 5 نانومتر,https://mob4g.com/wp-content/uploads/2022/10/iPad-10.9-10th-Gen.webp,apple,تابلت,https://www.amazon.eg/s?k=iPad+10.9+10th+Gen,450,4.5,"شاشة التابلت عالية الوضوح بدقة (1640x2360 بكسل)

دقة الكاميرا الخلفية 12 ميجابكسل تدعم تصوير الفيديو بدقة 4K

دقة الكاميرا الأمامية 12 ميجابكسل بفتحة عدسة F/2.4

التابلت يأتي مزود بمعالج Apple A14 Bionic سداسي النواة بتردد 3.0 و 1.8 جيجاهرتز بدقة تصنيع 5 نانومتر

التابلت يدعم شبكات اتصالات الجيل الخامس 5G يمكن أن تصل سرعتها حتى 3.7 جيجابايت

الجهاز مزود بمستشعر بصمة الأصابع يأتي موجود في زر الطاقة أعلى الجهاز","التابلت لا يدعم معدل تحديث الشاشة 120 هرتز

التابلت يفتقر إلى فتحة MicroSD لتوسيع التخزين الخارجي",العالمي,2022-10-1 0:0,"الرمادي
الفضي
الوردي
الأصفر",248.6 مم,179.5 مم,7 مم,,,481 غرام,ظهر والإطار الجانبي للجهاز مصنوع من الألومنيوم,5G,"شبكات 3G تصل حتى 42 ميجابايت
شبكات 4G تصل حتى 1.2 جيجابايت
شبكات 5G تصل حتى 3.7 جيجابايت","Nano SIM<br>,eSIM<br>",شريحة واحدة,"GPRS<br>,EDGE<br>",Liquid Retina IPS LCD,10.9 بوصة,,1640x2360 بكسل,,80.5 في المئة,264 بكسل في كل إنش,500 شمعة,,,"زجاج مقاوم للخدش
طبقة مقاومة للزيوت وبصمات الأصابع","وضع حماية العين
الوضع الليلي
16 مليون لون",,,,,,,,,,,,Apple A14 Bionic,5 نانومتر,سداسي النواة,"ثنائي النواة 3.0 جيجاهرتز
رباعي النواة 1.8 جيجاهرتز",Apple GPU (رباعي النواة),4 جيجابايت<br>,"64 جيجابايت<br>,256 جيجابايت<br>",,,لا يدعم,,iPadOS 16.1,iPadOS 17,كاميرا واحدة,كاميرا واحدة,12 ميجابكسل,,,"التركيز التلقائي اوتو فوكس (AF)
وضع عزل الخلفية
تقريب رقمي
العنونة الجغرافية
التركيز باللمس
كشف الوجوه والابتسامات
بانوراما
تقنية HDR
إعدادات ISO
التشغيل السريع
المؤقت الذاتي
الالتقاط المستمر
إعدادات توازن اللون الأبيض",,,,"دقة 4K (بمعدل 30/60 إطار)
دقة FHD (بمعدل 30/60 إطار)
التصوير بالحركة البطيئة (Slow Motion)",لا يدعم,,,,,,12 ميجابكسل,,"تقنية HDR
إشارة الالتقاط
كشف الوجوه والابتسامات
المؤقت الذاتي","دقة 1080P FHD
تقنية التثبيت الرقمي (EIS)",لا يدعم,يدعم (2 سماعات ستيريو),يدعم,لا يدعم,,"إصدار Wi-Fi 6
a/b/g/n/ac/ax
Dual-band
Hotspot نقطة الاتصال","إصدار 5.2
A2DP
EDR
LE",يدعم,يدعم,لا يدعم,منفذ USB Type-C 2.0,لا يدعم,,لا يدعم,لا يدعم,8827 مللي أمبير,ليثيوم بو,غير قابلة للإزالة,"التسارع
جيروسكوب
البوصلة
بارومتر","مستشعر بصمة الأصابع (في زر الطاقة)
الرقم السري
كلمة السر",,"الجهاز
كابل USB Type-C
الشاحن (20 واط)
التابلت يدعم القلم",,"ipad 10.9 10th gen,ايباد 10.9 الجيل العاشر,مواصفات ipad 10.9 10th gen,مواصفات ايباد 10.9 الجيل العاشر,سعر ipad 10.9 10th gen,سعر ايباد 10.9 الجيل العاشر,مميزات ipad 10.9 10th gen,مميزات ايباد 10.9 الجيل العاشر,عيوب ipad 10.9 10th gen,عيوب ايباد 10.9 الجيل العاشر","تابلت,أيباد"
iPad Pro 11 2022,التابلت يأتي بمعالج Apple M2 ثماني النواة (يعتبر من اقوى معالج من شركة ابل لحد الأن),https://mob4g.com/wp-content/uploads/2022/10/iPad-Pro-11-2022.webp,apple,تابلت,https://www.amazon.eg/s?k=iPad+Pro+11+2022,800,5.0,"التابلت يدعم معدل تحديث الشاشة 120 هرتز

شاشة التابلت عالية الوضوح بدقة (1668x2388 بكسل)

التابلت يأتي مزود بكاميرا مزدوجة بدقة 12 و 10 ميجابكسل تدعم تصوير الفيديو بدقة 4K

دقة الكاميرا الأمامية 12 ميجابكسل بفتحة عدسة F/2.4

التابلت يأتي بمعالج Apple M2 ثماني النواة (يعتبر من اقوى معالج من شركة ابل لحد الأن)

الهاتف يدعم شبكات اتصالات الجيل الخامس 5G يمكن أن تصل سرعتها حتى 3.7 جيجابايت

التابلت يدعم الشحن السريع للبطارية (بقوة 18 واط)","التابلت يفتقر إلى فتحة MicroSD لتوسيع التخزين الخارجي

التابلت يفتقر لمنفذ سماعات الأذن 3.5mm jack

التابلت غير مزود بمستشعر بصمة الإصبع",العالمي,2022-10-1 0:1,"الرمادي
الفضي",247.6 مم,178.5 مم,5.9 مم,,,470 غرام,ظهر والإطار الجانبي للجهاز مصنوع من الألومنيوم,5G,"شبكات 3G تصل حتى 42 ميجابايت
شبكات 4G تصل حتى 1.2 جيجابايت
شبكات 5G تصل حتى 3.7 جيجابايت","Nano SIM<br>,eSIM<br>",شريحة واحدة,"GPRS<br>,EDGE<br>",Liquid Retina IPS LCD,11.0 بوصة,120 هرتز,1668x2388 بكسل,,82.9 في المئة,265 بكسل في كل إنش,600 شمعة,,,"زجاج مقاوم للخدش
طلاء مقاوم للزيوت وبصمات الأصابع","تقنية HDR10
تقنية Dolby Vision
وضع حماية العين
الوضع الليلي
16 مليون لون",,,,,,,,,,,,Apple M2,5 نانومتر,ثماني النواة,,Apple GPU (عشرة أنوية),8 جيجابايت<br>,"128 جيجابايت<br>,256 جيجابايت<br>,512 جيجابايت<br>,1 تيرابايت<br>,2 تيرابايت<br>",,,لا يدعم,,iPadOS 16.1,,12 + 10 ميجابكسل,12 + 10 ميجابكسل,"12 ميجابكسل: كاميرا رئيسية
10 ميجابكسل: زاوية واسعة",,,"التركيز التلقائي اوتو فوكس (AF)
التقاط الصور بزاوية واسعة (Ultrawide)
وضع عزل الخلفية
وضع التصوير الليلي
وضع التصوير الإحترافي
تقريب رقمي
العنونة الجغرافية
التركيز باللمس
كشف الوجوه والابتسامات
بانوراما
تقنية HDR
إعدادات ISO
التشغيل السريع
المؤقت الذاتي
الالتقاط المستمر
إعدادات توازن اللون الأبيض",,,,"دقة 4K (بمعدل 30/60 إطار)
دقة FHD (بمعدل 30/60 إطار)
وضع التصوير السينمائي (Cinematic mode)
التصوير بالحركة البطيئة (Slow Motion)
تقنية التثبيت الرقمي (EIS)",يدعم,فلاش رباعي,,,,,12 ميجابكسل,,"وضع عزل الخلفية
تقنية HDR
إشارة الالتقاط
كشف الوجوه والابتسامات
المؤقت الذاتي","دقة 1080P FHD
تقنية التثبيت الرقمي (EIS)",لا يدعم,يدعم (4 سماعات ستيريو),لا يدعم,لا يدعم,,"إصدار Wi-Fi 6E
a/b/g/n/ac/ax
Dual-band
Hotspot نقطة الاتصال","إصدار 5.3
A2DP
LE
EDR",يدعم,يدعم,لا يدعم,منفذ USB Type-C 4,18 واط,,لا يدعم,لا يدعم,7538 مللي أمبير,ليثيوم بو,غير قابلة للإزالة,"التسارع
جيروسكوب
بارومتر","التعرف على الوجه (Face ID)
الرقم السري
كلمة السر",,"الجهاز
الشاحن (20 واط)
كابل USB Type-C
التابلت يدعم القلم",,"ipad pro 11 2022,ايباد برو 11 2022,مواصفات ipad pro 11 2022,مواصفات ايباد برو 11 2022,سعر ipad pro 11 2022,سعر ايباد برو 11 2022,مميزات ipad pro 11 2022,مميزات ايباد برو 11 2022,عيوب ipad pro 11 2022,عيوب ايباد برو 11 2022","تابلت,أيباد"
iPad Pro 12.9 2022,التابلت يأتي بمعالج Apple M2 ثماني النواة (يعتبر من اقوى معالج من شركة ابل لحد الأن),https://mob4g.com/wp-content/uploads/2022/10/iPad-Pro-12.9-2022.webp,apple,تابلت,https://www.amazon.eg/s?k=iPad+Pro+12.9+2022,1100,5.0,"التابلت يدعم معدل تحديث الشاشة 120 هرتز

شاشة التابلت عالية الوضوح بدقة (2048x2732 بكسل)

التابلت يأتي مزود بكاميرا مزدوجة بدقة 12 و 10 ميجابكسل تدعم تصوير الفيديو بدقة 4K

دقة الكاميرا الأمامية 12 ميجابكسل بفتحة عدسة F/2.4

التابلت يأتي بمعالج Apple M2 ثماني النواة (يعتبر من اقوى معالج من شركة ابل لحد الأن)

الهاتف يدعم شبكات اتصالات الجيل الخامس 5G يمكن أن تصل سرعتها حتى 3.7 جيجابايت

التابلت يدعم الشحن السريع للبطارية (بقوة 18 واط)","التابلت يفتقر إلى فتحة MicroSD لتوسيع التخزين الخارجي

التابلت يفتقر لمنفذ سماعات الأذن 3.5mm jack

التابلت غير مزود بمستشعر بصمة الإصبع",العالمي,2022-10-1 0:2,"الرمادي
الفضي",280.6 مم,214.9 مم,6.4 مم,,,685 غرام,ظهر والإطار الجانبي للجهاز مصنوع من الألومنيوم,5G,"شبكات 3G تصل حتى 42 ميجابايت
شبكات 4G تصل حتى 1.2 جيجابايت
شبكات 5G تصل حتى 3.7 جيجابايت","Nano SIM<br>,eSIM<br>",شريحة واحدة,"GPRS<br>,EDGE<br>",Liquid Retina XDR mini-LED LCD,12.9 بوصة,120 هرتز,2048x2732 بكسل,4:3,85.4 في المئة,265 بكسل في كل إنش,1600 شمعة,,,"زجاج مقاوم للخدش
طلاء مقاوم للزيوت وبصمات الأصابع","تقنية HDR10
تقنية Dolby Vision
وضع حماية العين
الوضع الليلي
16 مليون لون",,,,,,,,,,,,Apple M2,5 نانومتر,ثماني النواة,,Apple GPU (عشرة أنوية),8 جيجابايت<br>,"128 جيجابايت<br>,256 جيجابايت<br>,512 جيجابايت<br>,1 تيرابايت<br>,2 تيرابايت<br>",,,لا يدعم,,iPadOS 16.1,,12 + 10 ميجابكسل,12 + 10 ميجابكسل,"12 ميجابكسل: كاميرا رئيسية
10 ميجابكسل: زاوية واسعة",,,"التركيز التلقائي اوتو فوكس (AF)
التقاط الصور بزاوية واسعة (Ultrawide)
وضع عزل الخلفية
وضع التصوير الليلي
وضع التصوير الإحترافي
تقريب رقمي
العنونة الجغرافية
التركيز باللمس
كشف الوجوه والابتسامات
بانوراما
تقنية HDR
إعدادات ISO
التشغيل السريع
المؤقت الذاتي
الالتقاط المستمر
إعدادات توازن اللون الأبيض",,,,"دقة 4K (بمعدل 30/60 إطار)
دقة FHD (بمعدل 30/60 إطار)
وضع التصوير السينمائي (Cinematic mode)
التصوير بالحركة البطيئة (Slow Motion)
تقنية التثبيت الرقمي (EIS)",يدعم,فلاش رباعي,,,,,12 ميجابكسل,,"وضع عزل الخلفية
تقنية HDR
إشارة الالتقاط
كشف الوجوه والابتسامات
المؤقت الذاتي","دقة 1080P FHD
تقنية التثبيت الرقمي (EIS)",لا يدعم,يدعم (4 سماعات ستيريو),لا يدعم,لا يدعم,,"إصدار Wi-Fi 6E
a/b/g/n/ac/ax
Dual-band
Hotspot نقطة الاتصال","إصدار 5.3
A2DP
LE
EDR",يدعم,يدعم,لا يدعم,منفذ USB Type-C 4,18 واط,,لا يدعم,لا يدعم,10758 مللي أمبير,ليثيوم بو,غير قابلة للإزالة,"التسارع
جيروسكوب
بارومتر","التعرف على الوجه (Face ID)
الرقم السري
كلمة السر",,"الجهاز
الشاحن (20 واط)
كابل USB Type-C
التابلت يدعم القلم",,"ipad pro 12.9 2022,ايباد برو 12.9 2022,مواصفات ipad pro 12.9 2022,مواصفات ايباد برو 12.9 2022,سعر ipad pro 12.9 2022,سعر ايباد برو 12.9 2022,مميزات ipad pro 12.9 2022,مميزات ايباد برو 12.9 2022,عيوب ipad pro 12.9 2022,عيوب ايباد برو 12.9 2022","تابلت,أيباد"
Apple Watch Series 9 Aluminum,الساعة تأتي مزودة بمستشعرات لقياس معدل الأكسجين في الدم وقياس معدل ضربات القلب,https://mob4g.com/wp-content/uploads/2023/09/Apple-Watch-Series-9-Aluminum-4-1.webp,apple,ساعة,https://www.amazon.eg/s?k=Apple+Watch+Series+9+Aluminum,400,4.6,"درجة سطوع الشاشة عالية جدا (2000 شمعة)

الساعة مقاومة للماء بعمق يصل حتى 50 متر تحت الماء

الساعة تدعم شبكات اتصالات الجيل الرابع فورجي 4G

الساعة تأتي مزودة بمستشعرات لقياس معدل الأكسجين في الدم وقياس معدل ضربات القلب

الساعة تدعم تقنية الشحن اللاسلكي",شاشة الساعة تأتي محمية بطبقة زجاج من نوع Ion-X (هذا النوع من الزجاج لا يعتبر الأقوى بمقارنة مع زجاج كريستال الياقوت),العالمي,2023-09-1 0:4,"الأسود
الفضي
الذهبي
الوردي
الأحمر",45 مم,38 مم,10.7 مم,,,39 غرام,"الإطار: الألومنيوم
الظهر: السيراميك/كريستال الياقوت",4G,,eSIM<br>,,,Retina LTPO OLED,1.9 بوصة,,484x396 بكسل,,,326 بكسل في كل إنش,2000 شمعة,,,زجاج Ion-X,خاصية Always-on display,,,,,,,,,,,,Apple S9,,ثنائي النواة,,PowerVR,,64 جيجابايت<br>,,,لا يدعم,,WatchOS 10,,لا يدعم,,لا يدعم,,,,,,,,لا يدعم,,,,,,,,,,,يدعم,لا يدعم,لا يدعم,,"إصدار Wi-Fi 4
b/g/n","إصدار 5.3
A2DP
LE",يدعم,يدعم,لا يدعم,,لا يدعم,,يدعم,لا يدعم,308 مللي أمبير,ليثيوم ايون,غير قابلة للإزالة,"التسارع
بارومتر
البوصلة
جيروسكوب
مستشعر الارتفاع
مستشعر VO2max
مستشعر لقياس معدل ضربات القلب
مستشعر قياس درجة الحرارة الجسم
مستشعر لقياس معدل الأكسجين في الدم",,"الساعة مقاومة للماء بعمق يصل حتى 50 متر تحت الماء
الساعة مقاومة للغبار (بمعيار IP6X)","الساعة
حزام الساعة
منصة الشحن","تقنية النطاق العريض (UWB)
دعم تخطيط كهربية القلب (ECG)","apple watch series 9 aluminum,,مواصفات apple watch series 9 aluminum,مواصفات ,سعر apple watch series 9 aluminum,سعر ,مميزات apple watch series 9 aluminum,مميزات ,عيوب apple watch series 9 aluminum,عيوب ","ساعات,ساعات أبل"
Apple Watch Series 9,الساعة تأتي مزودة بمستشعرات لقياس معدل الأكسجين في الدم وقياس معدل ضربات القلب,https://mob4g.com/wp-content/uploads/2023/09/Apple-Watch-Series-9.webp,apple,ساعة,https://www.amazon.eg/s?k=Apple+Watch+Series+9,700,4.7,"شاشة الساعة تأتي محمية بطبقة زجاج من نوع كريستال الياقوت

درجة سطوع الشاشة عالية جدا (2000 شمعة)

الساعة مقاومة للماء بعمق يصل حتى 50 متر تحت الماء

الساعة تدعم شبكات اتصالات الجيل الرابع فورجي 4G

الساعة تأتي مزودة بمستشعرات لقياس معدل الأكسجين في الدم وقياس معدل ضربات القلب

الساعة تدعم تقنية الشحن اللاسلكي",,العالمي,2023-09-1 0:5,"الفضي
الذهبي
الجرافيتي",45 مم,38 مم,10.7 مم,,,51.5 غرام,"الإطار: المعدن المقاوم للصدأ
الظهر: السيراميك/كريستال الياقوت",4G,,eSIM<br>,,,Retina LTPO OLED,1.9 بوصة,,484x396 بكسل,,,326 بكسل في كل إنش,2000 شمعة,,,زجاج كريستال الياقوت,خاصية Always-on display,,,,,,,,,,,,Apple S9,,ثنائي النواة,,PowerVR,,64 جيجابايت<br>,,,لا يدعم,,WatchOS 10,,لا يدعم,,لا يدعم,,,,,,,,لا يدعم,,,,,,,,,,,يدعم,لا يدعم,لا يدعم,,"إصدار Wi-Fi 4
b/g/n","إصدار 5.3
A2DP
LE",يدعم,يدعم,لا يدعم,,لا يدعم,,يدعم,لا يدعم,308 مللي أمبير,ليثيوم ايون,غير قابلة للإزالة,"التسارع
بارومتر
البوصلة
جيروسكوب
مستشعر الارتفاع
مستشعر VO2max
مستشعر لقياس معدل ضربات القلب
مستشعر قياس درجة الحرارة الجسم
مستشعر لقياس معدل الأكسجين في الدم",,"الساعة مقاومة للماء بعمق يصل حتى 50 متر تحت الماء
الساعة مقاومة للغبار (بمعيار IP6X)","الساعة
حزام الساعة
منصة الشحن","تقنية النطاق العريض (UWB)
دعم تخطيط كهربية القلب (ECG)","apple watch series 9,,مواصفات apple watch series 9,مواصفات ,سعر apple watch series 9,سعر ,مميزات apple watch series 9,مميزات ,عيوب apple watch series 9,عيوب ","ساعات,ساعات أبل"
Apple Watch Ultra 2,الساعة تأتي مزودة بمستشعرات لقياس معدل الأكسجين في الدم وقياس معدل ضربات القلب,https://mob4g.com/wp-content/uploads/2023/09/Apple-Watch-Ultra-2-4.webp,apple,ساعة,https://www.amazon.eg/s?k=Apple+Watch+Ultra+2,800,4.9,"درجة سطوع الشاشة عالية جدا (3000 شمعة)

الساعة مقاومة للماء بعمق يصل حتى 100 متر تحت الماء

الساعة تدعم شبكات اتصالات الجيل الرابع فورجي 4G

الساعة تأتي مزودة بمستشعرات لقياس معدل الأكسجين في الدم وقياس معدل ضربات القلب

الساعة تدعم تقنية الشحن اللاسلكي",وزن الساعة يعتبر ثقيل بعض الشيئ,العالمي,2023-09-1 0:6,لون التيتانيوم,49 مم,44 مم,14.4 مم,,,61.4 غرام,"الإطار: التيتانيوم
الظهر: السيراميك/كريستال الياقوت",4G,,eSIM<br>,,,Retina LTPO OLED,1.92 بوصة,,502x410 بكسل,,,338 بكسل في كل إنش,3000 شمعة,,,زجاج كريستال الياقوت,خاصية Always-on display,,,,,,,,,,,,Apple S9,,ثنائي النواة,,PowerVR,,64 جيجابايت<br>,,,لا يدعم,,WatchOS 10,,لا يدعم,,لا يدعم,,,,,,,,لا يدعم,,,,,,,,,,,تدعم (2 سماعات),لا يدعم,لا يدعم,صفارة إنذار (86 ديسيبل),"إصدار Wi-Fi 4
b/g/n","إصدار 5.3
A2DP
LE",يدعم,يدعم,لا يدعم,,لا يدعم,,يدعم,لا يدعم,542 مللي أمبير,ليثيوم ايون,غير قابلة للإزالة,"التسارع
بارومتر
البوصلة
جيروسكوب
مستشعر الارتفاع
مستشعر VO2max
مستشعر لقياس معدل ضربات القلب
مستشعر لقياس معدل الأكسجين في الدم
مستشعر قياس درجة الحرارة (الجسم والماء)",,"الساعة مقاومة للماء والغبار، مقاومة الماء تصل الى عمق 100 متر تحت الماء (بمعيار IP6X وWR100)
الساعة مقاومة للصدمات بمعيار العسكري MIL-STD-810H","الساعة
حزام الساعة
منصة الشحن","تقنية النطاق العريض (UWB)
دعم تخطيط كهربية القلب (ECG)","apple watch ultra 2,,مواصفات apple watch ultra 2,مواصفات ,سعر apple watch ultra 2,سعر ,مميزات apple watch ultra 2,مميزات ,عيوب apple watch ultra 2,عيوب ","ساعات,ساعات أبل"
iPhone 15,الهاتف يأتي مزود بكاميرا خلفية ثنائية بدقة 48 و 12 ميجابكسل، الكاميرات تقدم أداء في التصوير يعتبر ممتاز جدا، مع دعم إمكانيات جيدة مثل تقنية التثبيت البصري OIS وتصوير الفيديو بدقة 4K بمعدل 30/60 إطار في الثانية,https://mob4g.com/wp-content/uploads/2023/09/iPhone-15-4.webp,apple,هاتف,https://www.amazon.eg/s?k=iPhone+15,700,4.5,"الهاتف يأتي مزود بمعالج Apple A16 Bionic بدقة تصنيع 4 نانومتر، المعالج يقدم أداء قوي جدا ويعتبر اقوى معالج لسنة 2023 بدون منازع

يأتي هاتف ايفون 15 بشاشة ممتازة من نوع OLED، الشاشة تأتي بفتحة Dynamic Island وتدعم تقنية HDR10 و Dolby Vision ودرجة سطوع عالية جدا تصل حتى 2000 شمعة

الهاتف يأتي مزود بكاميرا خلفية ثنائية بدقة 48 و 12 ميجابكسل، الكاميرات تقدم أداء في التصوير يعتبر ممتاز جدا، مع دعم إمكانيات جيدة مثل تقنية التثبيت البصري OIS وتصوير الفيديو بدقة 4K بمعدل 30/60 إطار في الثانية

الهاتف يأتي بكاميرا أمامية بدقة 12 ميجابكسل، الكاميرا تدعم التركيز التلقائي اوتو فوكس AF وتصوير الفيديو بدقة 4K بمعدل 30/60 إطار في الثانية

هاتف ايفون 15 يأتي مقاوم للماء والغبار بمعيار IP68، مقاومة الماء تصل الى عمق 6 امتار ولمدة 30 دقيقة تحت الماء","الهاتف لا يدعم معدل تحديث الشاشة 120 هرتز

الهاتف لا يدعم إمكانية تصوير الفيديو بدقة 8K

الهاتف لا يأتي مزود بكاميرا لتقريب البصري (Telephoto)

الهاتف لا يأتي مرفق معه شاحن في العلبة، يتوجب عليك شراء شاحن بشكل منفصل

الهاتف لا يأتي مزود بمنفذ سماعات الأذن 3.5mm jack

الهاتف لا يدعم إمكانيات توسيع التخزين الخارجي عبر بطاقة الميموري كارد لأنه لا يأتي مزود بفتحة بطاقة الميموري كارد MicroSD",العالمي,2023-09-1 0:7,"الأسود
الأزرق
الأصفر
الوردي
الأخضر",147.6 مم,71.6 مم,7.8 مم,,,171 غرام,"الإطار: الألومنيوم
الظهر: الزجاج",5G,"شبكات 3G تصل حتى 42 ميجابايت
شبكات 4G تصل حتى 1.2 جيجابايت
شبكات 5G تصل حتى 3.7 جيجابايت","Nano SIM<br>,eSIM<br>",شريحة واحدة,"GPRS<br>,EDGE<br>",Super Retina XDR OLED,6.1 بوصة,60 هرتز,1179x2556 بكسل,19.5:9,86.4 في المئة,460 بكسل في كل إنش,2000 شمعة,,,زجاج Ceramic Shield,"تقنية Dolby Vision
تقنية HDR10
وضع حماية العين
الوضع الليلي
16 مليون لون",,,,,,,,,,,,Apple A16 Bionic,4 نانومتر,سداسي النواة,"ثنائي النواة 3.46 جيجاهرتز
رباعي النواة 2.02 جيجاهرتز",Apple GPU (خماسي النواة),6 جيجابايت<br>,"128 جيجابايت<br>,256 جيجابايت<br>,512 جيجابايت<br>",,,لا يدعم,1.354.651 نقطة (v10),iOS 17,,48 + 12 ميجابكسل,48 + 12 ميجابكسل,"48 ميجابكسل: كاميرا رئيسية (OIS)
12 ميجابكسل: زاوية واسعة",,,"التقاط الصور بزاوية واسعة (Ultrawide)
التركيز التلقائي اوتو فوكس (AF)
تقنية التثبيت البصري (OIS)
وضع عزل الخلفية
وضع التصوير الليلي
وضع التصوير الإحترافي
تقريب رقمي
العنونة الجغرافية
التركيز باللمس
كشف الوجوه والابتسامات
بانوراما
تقنية HDR
إعدادات ISO
التشغيل السريع
المؤقت الذاتي
الالتقاط المستمر
إعدادات توازن اللون الأبيض",,,,"دقة 4K (بمعدل 30/60 إطار)
دقة FHD (بمعدل 30/60 إطار)
التصوير بتقنية HDR مع Dolby Vision
التصوير بالحركة البطيئة (Slow Motion)",يدعم,,,,,,12 ميجابكسل,,"التركيز التلقائي اوتو فوكس (AF)
وضع عزل الخلفية
وضع التصوير الليلي
تقنية HDR
إشارة الالتقاط
كشف الوجوه والابتسامات
المؤقت الذاتي","دقة 4K (بمعدل 30/60 إطار)
دقة FHD (بمعدل 30/60 إطار)
تقنية التثبيت الرقمي (EIS)
التصوير بتقنية HDR مع Dolby Vision
التصوير بالحركة البطيئة (Slow Motion)",لا يدعم,يدعم (2 سماعات ستيريو),لا يدعم,لا يدعم,,"إصدار Wi-Fi 6
a/b/g/n/ac/ax
Dual-band
Hotspot نقطة الاتصال","إصدار 5.3
A2DP
LE",يدعم,يدعم,لا يدعم,منفذ USB Type-C 2.0,يدعم,شحن 50 في المئة في 30 دقيقة,15 واط,لا يدعم,3349 مللي أمبير,ليثيوم ايون,غير قابلة للإزالة,"التسارع
التقارب
البوصلة
بارومتر
جيروسكوب","التعرف على الوجه (Face ID)
الرقم السري
كلمة السر",الهاتف مقاوم للماء والغبار بمعيار IP68 (مقاومة الماء تصل الى 6 أمتار و30 دقيقة تحت الماء),"الجهاز
كابل USB Type-C","دعم تقنية اتصال عبر الأقمار الصناعية (رسائل الطوارئ فقط)
تقنية النطاق العريض (UWB)
المساعد الشخصي Siri
خاصية Apple Pay","iphone 15,iphone 15,مواصفات iphone 15,مواصفات iphone 15,سعر iphone 15,سعر iphone 15,مميزات iphone 15,مميزات iphone 15,عيوب iphone 15,عيوب iphone 15","هواتف,أيفون"
iPhone 15 Plus,الهاتف يأتي مزود بكاميرا خلفية ثنائية بدقة 48 و 12 ميجابكسل، الكاميرات تقدم أداء في التصوير يعتبر ممتاز جدا، مع دعم إمكانيات جيدة مثل تقنية التثبيت البصري OIS وتصوير الفيديو بدقة 4K بمعدل 30/60 إطار في الثانية,https://mob4g.com/wp-content/uploads/2023/09/iPhone-15-Plus-3.webp,apple,هاتف,https://www.amazon.eg/s?k=iPhone+15+Plus,800,4.7,"الهاتف يأتي مزود بمعالج Apple A16 Bionic بدقة تصنيع 4 نانومتر، المعالج يقدم أداء قوي جدا ويعتبر اقوى معالج لسنة 2023 بدون منازع

الهاتف يأتي بشاشة كبيرة الحجم مقاس 6.7 بوصة، الشاشة تغطي معظم مساحة واجهة الهاتف، ما عدا فتحة Dynamic Island للمستشعرات والكاميرا الأمامية في أعلى وسط الشاشة

يأتي هاتف ايفون 15 بلس بشاشة ممتازة من نوع OLED، الشاشة تدعم تقنية HDR10 و Dolby Vision ودرجة سطوع عالية جدا تصل حتى 2000 شمعة

الهاتف يأتي مزود بكاميرا خلفية ثنائية بدقة 48 و 12 ميجابكسل، الكاميرات تقدم أداء في التصوير يعتبر ممتاز جدا، مع دعم إمكانيات جيدة مثل تقنية التثبيت البصري OIS وتصوير الفيديو بدقة 4K بمعدل 30/60 إطار في الثانية

الهاتف يأتي بكاميرا أمامية بدقة 12 ميجابكسل، الكاميرا تدعم التركيز التلقائي اوتو فوكس AF وتصوير الفيديو بدقة 4K بمعدل 30/60 إطار في الثانية

هاتف ايفون 15 بلس يأتي مقاوم للماء والغبار بمعيار IP68، مقاومة الماء تصل الى عمق 6 امتار ولمدة 30 دقيقة تحت الماء","الهاتف لا يدعم معدل تحديث الشاشة 120 هرتز

الهاتف لا يدعم إمكانية تصوير الفيديو بدقة 8K

الهاتف لا يأتي مزود بكاميرا لتقريب البصري (Telephoto)

الهاتف لا يأتي مرفق معه شاحن في العلبة، يتوجب عليك شراء شاحن بشكل منفصل

الهاتف لا يأتي مزود بمنفذ سماعات الأذن 3.5mm jack

الهاتف لا يدعم إمكانيات توسيع التخزين الخارجي عبر بطاقة الميموري كارد لأنه لا يأتي مزود بفتحة بطاقة الميموري كارد MicroSD",العالمي,2023-09-1 0:8,"الأسود
الأزرق
الأصفر
الوردي
الأخضر",160.9 مم,77.8 مم,7.8 مم,,,201 غرام,"الإطار: الألومنيوم
الظهر: الزجاج",5G,"شبكات 3G تصل حتى 42 ميجابايت
شبكات 4G تصل حتى 1.2 جيجابايت
شبكات 5G تصل حتى 3.7 جيجابايت","Nano SIM<br>,eSIM<br>",شريحة واحدة,"GPRS<br>,EDGE<br>",Super Retina XDR OLED,6.7 بوصة,60 هرتز,1290x2796 بكسل,19.5:9,88.0 في المئة,460 بكسل في كل إنش,2000 شمعة,,,زجاج Ceramic Shield,"تقنية Dolby Vision
تقنية HDR10
وضع حماية العين
الوضع الليلي
16 مليون لون",,,,,,,,,,,,Apple A16 Bionic,4 نانومتر,سداسي النواة,"ثنائي النواة 3.46 جيجاهرتز
رباعي النواة 2.02 جيجاهرتز",Apple GPU (خماسي النواة),6 جيجابايت<br>,"128 جيجابايت<br>,256 جيجابايت<br>,512 جيجابايت<br>",,,لا يدعم,1.385.649 نقطة (v10),iOS 17,,48 + 12 ميجابكسل,48 + 12 ميجابكسل,"48 ميجابكسل: كاميرا رئيسية (OIS)
12 ميجابكسل: زاوية واسعة",,,"التقاط الصور بزاوية واسعة (Ultrawide)
التركيز التلقائي اوتو فوكس (AF)
تقنية التثبيت البصري (OIS)
وضع عزل الخلفية
وضع التصوير الليلي
وضع التصوير الإحترافي
تقريب رقمي
العنونة الجغرافية
التركيز باللمس
كشف الوجوه والابتسامات
بانوراما
تقنية HDR
إعدادات ISO
التشغيل السريع
المؤقت الذاتي
الالتقاط المستمر
إعدادات توازن اللون الأبيض",,,,"دقة 4K (بمعدل 30/60 إطار)
دقة FHD (بمعدل 30/60 إطار)
التصوير بتقنية HDR مع Dolby Vision
التصوير بالحركة البطيئة (Slow Motion)",يدعم,,,,,,12 ميجابكسل,,"التركيز التلقائي اوتو فوكس (AF)
وضع عزل الخلفية
وضع التصوير الليلي
تقنية HDR
إشارة الالتقاط
كشف الوجوه والابتسامات
المؤقت الذاتي","دقة 4K (بمعدل 30/60 إطار)
دقة FHD (بمعدل 30/60 إطار)
تقنية التثبيت الرقمي (EIS)
التصوير بتقنية HDR مع Dolby Vision
التصوير بالحركة البطيئة (Slow Motion)",لا يدعم,يدعم (2 سماعات ستيريو),لا يدعم,لا يدعم,,"إصدار Wi-Fi 6
a/b/g/n/ac/ax
Dual-band
Hotspot نقطة الاتصال","إصدار 5.3
A2DP
LE",يدعم,يدعم,لا يدعم,منفذ USB Type-C 2.0,يدعم,شحن 50 في المئة في 30 دقيقة,15 واط,لا يدعم,4383 مللي أمبير,ليثيوم ايون,غير قابلة للإزالة,"التسارع
التقارب
البوصلة
بارومتر
جيروسكوب","التعرف على الوجه (Face ID)
الرقم السري
كلمة السر",الهاتف مقاوم للماء والغبار بمعيار IP68 (مقاومة الماء تصل الى 6 أمتار و30 دقيقة تحت الماء),"الجهاز
كابل USB Type-C","دعم تقنية اتصال عبر الأقمار الصناعية (رسائل الطوارئ فقط)
تقنية النطاق العريض (UWB)
المساعد الشخصي Siri
خاصية Apple Pay","iphone 15 plus,ايفون 15 بلس,مواصفات iphone 15 plus,مواصفات ايفون 15 بلس,سعر iphone 15 plus,سعر ايفون 15 بلس,مميزات iphone 15 plus,مميزات ايفون 15 بلس,عيوب iphone 15 plus,عيوب ايفون 15 بلس","هواتف,أيفون"
iPhone 15 Pro,الهاتف يأتي مزود بثلاث كاميرات خلفية بدقة 48 و 12 و 12 ميجابكسل، الكاميرات تقدم أداء خرافي في جميع أوضاع التصوير، مع دعم إمكانيات قوية مثل التقريب البصري حتى 3x وتقريب رقمي حتى 15x وتقنية التثبيت البصري OIS وتصوير الفيديو بدقة 4K بمعدل 30/60 إطار في الثانية,https://mob4g.com/wp-content/uploads/2022/09/iPhone-15-Pro-3.webp,apple,هاتف,https://www.amazon.eg/s?k=iPhone+15+Pro,900,4.7,"الهاتف يأتي مزود بمعالج Apple A17 Pro بدقة تصنيع 3 نانومتر، المعالج يقدم أداء قوي جدا ويعتبر اقوى معالج لسنة 2023/2024 بدون منازع

يأتي هاتف ايفون 15 برو بشاشة ممتازة من نوع LTPO OLED، الشاشة تدعم تقنية HDR10 و Dolby Vision ودرجة سطوع عالية جدا تصل حتى 2000 شمعة

الهاتف يدعم معدل تحديث الشاشة 120 هرتز بتقنية LTPO التي تعمل على تغيير معدل تحديث الشاشة بشكل تلقائي من 1 الى 120 هرتز حسب الحاجة لتقليل من استهلاك الطاقة

الهاتف يأتي مزود بثلاث كاميرات خلفية بدقة 48 و 12 و 12 ميجابكسل، الكاميرات تقدم أداء خرافي في جميع أوضاع التصوير، مع دعم إمكانيات قوية مثل التقريب البصري حتى 3x وتقريب رقمي حتى 15x وتقنية التثبيت البصري OIS وتصوير الفيديو بدقة 4K بمعدل 30/60 إطار في الثانية

الهاتف يأتي بكاميرا أمامية بدقة 12 ميجابكسل، الكاميرا تدعم التركيز التلقائي اوتو فوكس AF وتصوير الفيديو بدقة 4K بمعدل 30/60 إطار في الثانية

الإطار الجانبي للهاتف يأتي مصنوع من التيتانيوم مع ظهر من الزجاج

هاتف ايفون 15 برو يأتي مقاوم للماء والغبار بمعيار IP68، مقاومة الماء تصل الى عمق 6 امتار ولمدة 30 دقيقة تحت الماء","الهاتف لا يدعم إمكانية تصوير الفيديو بدقة 8K

الهاتف لا يأتي مرفق معه شاحن في العلبة، يتوجب عليك شراء شاحن بشكل منفصل

الهاتف لا يأتي مزود بمنفذ سماعات الأذن 3.5mm jack

الهاتف لا يدعم إمكانيات توسيع التخزين الخارجي عبر بطاقة الميموري كارد لأنه لا يأتي مزود بفتحة بطاقة الميموري كارد MicroSD",العالمي,2023-09-1 0:9,"تيتانيوم أسود
تيتانيوم أبيض
تيتانيوم أزرق
تيتانيوم طبيعي",146.6 مم,70.6 مم,8.25 مم,,,187 غرام,"الإطار: التيتانيوم
الظهر: الزجاج",5G,"شبكات 3G تصل حتى 42 ميجابايت
شبكات 4G تصل حتى 2 جيجابايت
شبكات 5G تصل حتى 7.5 جيجابايت","Nano SIM<br>,eSIM<br>",شريحة واحدة,"GPRS<br>,EDGE<br>",LTPO OLED,6.1 بوصة,120 هرتز,1179x2556 بكسل,19.5:9,88.2 في المئة,460 بكسل في كل إنش,2000 شمعة,,,زجاج Ceramic Shield,"خاصية Always-On display
تقنية Dolby Vision
تقنية HDR10
وضع حماية العين
الوضع الليلي
16 مليون لون",,,,,,,,,,,,Apple A17 Pro,3 نانومتر,سداسي النواة,"ثنائي النواة 3.78 جيجاهرتز
رباعي النواة 2.11 جيجاهرتز",Apple GPU (سداسي النواة),8 جيجابايت<br>,"128 جيجابايت<br>,256 جيجابايت<br>,512 جيجابايت<br>,1 تيرابايت<br>",,,لا يدعم,,iOS 17,,48 + 12 + 12 ميجابكسل,48 + 12 + 12 ميجابكسل,"48 ميجابكسل: كاميرا رئيسية (OIS)
12 ميجابكسل: تقريب بصري (OIS)
12 ميجابكسل: زاوية واسعة (AF)",,,"التقاط الصور بزاوية واسعة (Ultrawide)
التركيز التلقائي اوتو فوكس (AF)
تقنية التثبيت البصري (OIS)
تقريب بصري حتى 3x
تقريب رقمي حتى 15x
وضع عزل الخلفية
وضع التصوير الليلي
وضع التصوير الإحترافي
العنونة الجغرافية
التركيز باللمس
كشف الوجوه والابتسامات
بانوراما
تقنية HDR
إعدادات ISO
التشغيل السريع
المؤقت الذاتي
الالتقاط المستمر
إعدادات توازن اللون الأبيض",,,,"دقة 4K (بمعدل 30/60 إطار)
دقة FHD (بمعدل 30/60 إطار)
تصوير الفيديو بتقنية Log
التصوير بتقنية HDR مع Dolby Vision
التصوير بالحركة البطيئة (Slow Motion)",يدعم,,,,,,12 ميجابكسل,,"التركيز التلقائي اوتو فوكس (AF)
وضع عزل الخلفية
وضع التصوير الليلي
تقنية HDR
إشارة الالتقاط
كشف الوجوه والابتسامات
المؤقت الذاتي","دقة 4K (بمعدل 30/60 إطار)
دقة FHD (بمعدل 30/60 إطار)
تقنية التثبيت الرقمي (EIS)
تصوير الفيديو بتقنية Log
التصوير بتقنية HDR مع Dolby Vision
التصوير بالحركة البطيئة (Slow Motion)",لا يدعم,يدعم (2 سماعات ستيريو),لا يدعم,لا يدعم,,"إصدار Wi-Fi 6E
a/b/g/n/ac/ax
Dual-band
Hotspot نقطة الاتصال","إصدار 5.3
A2DP
LE",يدعم,يدعم,لا يدعم,منفذ USB Type-C 3.0,25 واط,شحن 50 في المئة في 30 دقيقة,15 واط,لا يدعم,3274 مللي أمبير,ليثيوم ايون,غير قابلة للإزالة,"التسارع
التقارب
بارومتر
البوصلة
جيروسكوب","التعرف على الوجه (Face ID)
الرقم السري
كلمة السر",الهاتف مقاوم للماء والغبار بمعيار IP68 (مقاومة الماء تصل الى 6 أمتار و30 دقيقة تحت الماء),"الجهاز
كابل USB Type-C","دعم تقنية اتصال عبر الأقمار الصناعية (رسائل الطوارئ فقط)
تقنية النطاق العريض (UWB)
المساعد الشخصي Siri
خاصية Apple Pay","iphone 15 pro,ايفون 15 برو,مواصفات iphone 15 pro,مواصفات ايفون 15 برو,سعر iphone 15 pro,سعر ايفون 15 برو,مميزات iphone 15 pro,مميزات ايفون 15 برو,عيوب iphone 15 pro,عيوب ايفون 15 برو","هواتف,أيفون"
iPhone 15 Pro Max,الهاتف يأتي مزود بثلاث كاميرات خلفية بدقة 48 و 12 و 12 ميجابكسل، الكاميرات تقدم أداء خرافي في جميع أوضاع التصوير، مع دعم إمكانيات قوية مثل التقريب البصري حتى 5x وتقريب رقمي حتى 25x وتقنية التثبيت البصري OIS وتصوير الفيديو بدقة 4K بمعدل 30/60 إطار في الثانية,https://mob4g.com/wp-content/uploads/2022/09/iPhone-15-Pro-Max-4.webp,apple,هاتف,https://www.amazon.eg/s?k=iPhone+15+Pro+Max,1000,4.9,"الهاتف يأتي مزود بمعالج Apple A17 Pro بدقة تصنيع 3 نانومتر، المعالج يقدم أداء قوي جدا ويعتبر اقوى معالج لسنة 2023/2024 بدون منازع

الهاتف يأتي بشاشة كبيرة الحجم مقاس 6.7 بوصة، الشاشة تغطي معظم مساحة واجهة الهاتف، ما عدا فتحة Dynamic Island للمستشعرات والكاميرا الأمامية في أعلى وسط الشاشة

يأتي هاتف ايفون 15 برو ماكس بشاشة ممتازة من نوع LTPO OLED، الشاشة تدعم تقنية HDR10 و Dolby Vision ودرجة سطوع عالية جدا تصل حتى 2000 شمعة

الهاتف يدعم معدل تحديث الشاشة 120 هرتز بتقنية LTPO التي تعمل على تغيير معدل تحديث الشاشة بشكل تلقائي من 1 الى 120 هرتز حسب الحاجة لتقليل من استهلاك الطاقة

الهاتف يأتي مزود بثلاث كاميرات خلفية بدقة 48 و 12 و 12 ميجابكسل، الكاميرات تقدم أداء خرافي في جميع أوضاع التصوير، مع دعم إمكانيات قوية مثل التقريب البصري حتى 5x وتقريب رقمي حتى 25x وتقنية التثبيت البصري OIS وتصوير الفيديو بدقة 4K بمعدل 30/60 إطار في الثانية

الهاتف يأتي بكاميرا أمامية بدقة 12 ميجابكسل، الكاميرا تدعم التركيز التلقائي اوتو فوكس AF وتصوير الفيديو بدقة 4K بمعدل 30/60 إطار في الثانية

الإطار الجانبي للهاتف يأتي مصنوع من التيتانيوم مع ظهر من الزجاج

هاتف ايفون 15 برو ماكس يأتي مقاوم للماء والغبار بمعيار IP68، مقاومة الماء تصل الى عمق 6 امتار ولمدة 30 دقيقة تحت الماء","الهاتف لا يدعم إمكانية تصوير الفيديو بدقة 8K

الهاتف لا يأتي مرفق معه شاحن في العلبة، يتوجب عليك شراء شاحن بشكل منفصل

الهاتف لا يأتي مزود بمنفذ سماعات الأذن 3.5mm jack

الهاتف لا يدعم إمكانيات توسيع التخزين الخارجي عبر بطاقة الميموري كارد لأنه لا يأتي مزود بفتحة بطاقة الميموري كارد MicroSD",العالمي,2023-09-1 0:10,"تيتانيوم أسود
تيتانيوم أبيض
تيتانيوم أزرق
تيتانيوم طبيعي",159.9 مم,76.7 مم,8.25 مم,,,221 غرام,"الإطار: التيتانيوم
الظهر: الزجاج",5G,"شبكات 3G تصل حتى 42 ميجابايت
شبكات 4G تصل حتى 2 جيجابايت
شبكات 5G تصل حتى 7.5 جيجابايت","Nano SIM<br>,eSIM<br>",شريحة واحدة,"GPRS<br>,EDGE<br>",LTPO OLED,6.7 بوصة,120 هرتز,1290x2796 بكسل,19.5:9,89.8 في المئة,460 بكسل في كل إنش,2000 شمعة,,,زجاج Ceramic Shield,"خاصية Always-On display
تقنية Dolby Vision
تقنية HDR10
وضع حماية العين
الوضع الليلي
16 مليون لون",,,,,,,,,,,,Apple A17 Pro,3 نانومتر,سداسي النواة,"ثنائي النواة 3.78 جيجاهرتز
رباعي النواة 2.11 جيجاهرتز",Apple GPU (سداسي النواة),8 جيجابايت<br>,"256 جيجابايت<br>,512 جيجابايت<br>,1 تيرابايت<br>",,,لا يدعم,1.487.203 نقطة (v10),iOS 17,,48 + 12 + 12 ميجابكسل,48 + 12 + 12 ميجابكسل,"48 ميجابكسل: كاميرا رئيسية (OIS)
12 ميجابكسل: تقريب بصري (OIS)
12 ميجابكسل: زاوية واسعة (AF)",,,"التقاط الصور بزاوية واسعة (Ultrawide)
التركيز التلقائي اوتو فوكس (AF)
تقنية التثبيت البصري (OIS)
تقريب بصري حتى 5x
تقريب رقمي حتى 25x
وضع عزل الخلفية
وضع التصوير الليلي
وضع التصوير الإحترافي
العنونة الجغرافية
التركيز باللمس
كشف الوجوه والابتسامات
بانوراما
تقنية HDR
إعدادات ISO
التشغيل السريع
المؤقت الذاتي
الالتقاط المستمر
إعدادات توازن اللون الأبيض",,,,"دقة 4K (بمعدل 30/60 إطار)
دقة FHD (بمعدل 30/60 إطار)
تصوير الفيديو بتقنية Log
التصوير بتقنية HDR مع Dolby Vision
التصوير بالحركة البطيئة (Slow Motion)",يدعم,,,,,,12 ميجابكسل,,"التركيز التلقائي اوتو فوكس (AF)
وضع عزل الخلفية
وضع التصوير الليلي
تقنية HDR
إشارة الالتقاط
كشف الوجوه والابتسامات
المؤقت الذاتي","دقة 4K (بمعدل 30/60 إطار)
دقة FHD (بمعدل 30/60 إطار)
تقنية التثبيت الرقمي (EIS)
تصوير الفيديو بتقنية Log
التصوير بتقنية HDR مع Dolby Vision
التصوير بالحركة البطيئة (Slow Motion)",لا يدعم,يدعم (2 سماعات ستيريو),لا يدعم,لا يدعم,,"إصدار Wi-Fi 6E
a/b/g/n/ac/ax
Dual-band
Hotspot نقطة الاتصال","إصدار 5.3
A2DP
LE",يدعم,يدعم,لا يدعم,منفذ USB Type-C 3.0,25 واط,شحن 50 في المئة في 30 دقيقة,15 واط,لا يدعم,4441 مللي أمبير,ليثيوم ايون,غير قابلة للإزالة,"التسارع
التقارب
بارومتر
البوصلة
جيروسكوب","التعرف على الوجه (Face ID)
الرقم السري
كلمة السر",الهاتف مقاوم للماء والغبار بمعيار IP68 (مقاومة الماء تصل الى 6 أمتار و30 دقيقة تحت الماء),"الجهاز
كابل USB Type-C","دعم تقنية اتصال عبر الأقمار الصناعية (رسائل الطوارئ فقط)
تقنية النطاق العريض (UWB)
المساعد الشخصي Siri
خاصية Apple Pay","iphone 15 pro max,ايفون 15 برو ماكس,مواصفات iphone 15 pro max,مواصفات ايفون 15 برو ماكس,سعر iphone 15 pro max,سعر ايفون 15 برو ماكس,مميزات iphone 15 pro max,مميزات ايفون 15 برو ماكس,عيوب iphone 15 pro max,عيوب ايفون 15 برو ماكس","هواتف,أيفون"
iPad Air 11 2024,التابلت يأتي مزود بمعالج Apple M2 ثماني النواة وبدقة تصنيع 5 نانومتر، المعالج يقدم أداء قوي جدا ويعتبر اقوى معالج في هذه الفئة,https://mob4g.com/wp-content/uploads/2024/07/iPad-Air-11-2024.webp,apple,تابلت,https://www.amazon.eg/s?k=iPad+Air+11+2024,600,4.5,"التابلت يأتي مزود بمعالج Apple M2 ثماني النواة وبدقة تصنيع 5 نانومتر، المعالج يقدم أداء قوي جدا ويعتبر اقوى معالج في هذه الفئة

التابلت يأتي بكاميرا خلفية بدقة 12 ميجابكسل تدعم إمكانية تصوير الفيديو بدقة 4K بمعدل 30/60 إطار في الثانية

التابلت يأتي مزود بـ 2 سماعات تعمل بنظام ستيريو

التابلت يدعم شبكات اتصالات الجيل الخامس 5G

التابلت مزود بمستشعر بصمة الأصابع يأتي موجود في زر الطاقة اعلى الجهاز","التابلت لا يدعم معدل تحديث الشاشة 120 هرتز

التابلت لا يأتي مزود بمنفذ سماعات الأذن 3.5mm jack

التابلت لا يدعم إمكانيات توسيع التخزين الخارجي عبر بطاقة الميموري كارد لأنه لا يأتي مزود بفتحة بطاقة الميموري كارد MicroSD",العالمي,2024-05-1 0:0,"الأزرق
الرمادي
الكريمي
الأرجواني",247.6 مم,178.5 مم,6.1 مم,,,462 غرام,"الإطار: الألومنيوم
الظهر: الألومنيوم",5G,"شبكات 3G تصل حتى 42 ميجابايت
شبكات 4G تصل حتى 1.2 جيجابايت
شبكات 5G تصل حتى 3.7 جيجابايت",eSIM<br>,شريحة واحدة,"GPRS<br>,EDGE<br>",Liquid Retina IPS LCD,11.0 بوصة,60 هرتز,1640x2360 بكسل,,80.9 في المئة,264 بكسل في كل إنش,500 شمعة,,,"زجاج مقاوم للخدش
طلاء مقاوم للزيوت وبصمات الأصابع","وضع حماية العين
الوضع الليلي
16 مليون لون",,,,,,,,,,,,Apple M2,5 نانومتر,ثماني النواة,,Apple GPU (تسعة أنوية),8 جيجابايت<br>,"128 جيجابايت<br>,256 جيجابايت<br>,512 جيجابايت<br>,1 تيرابايت<br>",,,لا يدعم,,iPadOS 17.4,,كاميرا واحدة,كاميرا واحدة,12 ميجابكسل,,,"التركيز التلقائي اوتو فوكس (AF)
كشف الوجوه والابتسامات
تقنية HDR
بانوراما
إعدادات ISO
التركيز باللمس
العنونة الجغرافية",تقريب رقمي 5x,تقنية التثبيت الرقمي (EIS),"دقة FHD (بمعدل 240 إطار)
دقة FHD (بمعدل 120 إطار)","دقة 4K (بمعدل 30/60 إطار)
دقة FHD (بمعدل 30/60 إطار)",لا يدعم,,,,,,12 ميجابكسل,,"تقنية HDR
المؤقت الذاتي
إشارة الالتقاط
كشف الوجوه والابتسامات","دقة FHD (بمعدل 30/60 إطار)
تقنية التثبيت الرقمي (EIS)",لا يدعم,يدعم (2 سماعات ستيريو),لا يدعم,لا يدعم,,"إصدار Wi-Fi 6E
a/b/g/n/ac/ax
Dual-band
Hotspot نقطة الاتصال","إصدار 5.3
A2DP
LE",يدعم,لا يدعم,لا يدعم,منفذ USB Type-C 3.1,يدعم,,لا يدعم,لا يدعم,7606 مللي أمبير,ليثيوم بو,غير قابلة للإزالة,"جيروسكوب
البوصلة
التسارع
بارومتر","مستشعر بصمة الأصابع (في زر الطاقة)
الرقم السري
كلمة السر",,"الجهاز
الشاحن (20 واط)
كابل USB Type-C
التابلت يدعم القلم",,"ipad air 11 2024,ايباد اير 11 2024,مواصفات ipad air 11 2024,مواصفات ايباد اير 11 2024,سعر ipad air 11 2024,سعر ايباد اير 11 2024,مميزات ipad air 11 2024,مميزات ايباد اير 11 2024,عيوب ipad air 11 2024,عيوب ايباد اير 11 2024","تابلت,أيباد"
iPad Air 13 2024,التابلت يأتي مزود بمعالج Apple M2 ثماني النواة وبدقة تصنيع 5 نانومتر، المعالج يقدم أداء قوي جدا ويعتبر اقوى معالج في هذه الفئة,https://mob4g.com/wp-content/uploads/2024/07/iPad-Air-13-2024-3.webp,apple,تابلت,https://www.amazon.eg/s?k=iPad+Air+13+2024,800,4.5,"التابلت يأتي مزود بمعالج Apple M2 ثماني النواة وبدقة تصنيع 5 نانومتر، المعالج يقدم أداء قوي جدا ويعتبر اقوى معالج في هذه الفئة

التابلت يأتي بكاميرا خلفية بدقة 12 ميجابكسل تدعم إمكانية تصوير الفيديو بدقة 4K بمعدل 30/60 إطار في الثانية

التابلت يأتي مزود بـ 2 سماعات تعمل بنظام ستيريو

التابلت يدعم شبكات اتصالات الجيل الخامس 5G

التابلت مزود بمستشعر بصمة الأصابع يأتي موجود في زر الطاقة جانب الجهاز","التابلت لا يدعم معدل تحديث الشاشة 120 هرتز

التابلت لا يأتي مزود بمنفذ سماعات الأذن 3.5mm jack

التابلت لا يدعم إمكانيات توسيع التخزين الخارجي عبر بطاقة الميموري كارد لأنه لا يأتي مزود بفتحة بطاقة الميموري كارد MicroSD",العالمي,2024-05-1 0:1,"الأزرق
الرمادي
الكريمي
الأرجواني",280.6 مم,214.9 مم,6.1 مم,,,618 غرام,"الإطار: الألومنيوم
الظهر: الألومنيوم",5G,"شبكات 3G تصل حتى 42 ميجابايت
شبكات 4G تصل حتى 1.2 جيجابايت
شبكات 5G تصل حتى 3.7 جيجابايت",eSIM<br>,شريحة واحدة,"GPRS<br>,EDGE<br>",Liquid Retina IPS LCD,13.0 بوصة,60 هرتز,2048x2732 بكسل,4:3,86.1 في المئة,264 بكسل في كل إنش,600 شمعة,,,"زجاج مقاوم للخدش
طلاء مقاوم للزيوت وبصمات الأصابع","وضع حماية العين
الوضع الليلي
16 مليون لون",,,,,,,,,,,,Apple M2,5 نانومتر,ثماني النواة,,Apple GPU (تسعة أنوية),8 جيجابايت<br>,"128 جيجابايت<br>,256 جيجابايت<br>,512 جيجابايت<br>,1 تيرابايت<br>",,,لا يدعم,,iPadOS 17.5.1,,كاميرا واحدة,كاميرا واحدة,12 ميجابكسل,,,"التركيز التلقائي اوتو فوكس (AF)
كشف الوجوه والابتسامات
تقنية HDR
بانوراما
إعدادات ISO
التركيز باللمس
العنونة الجغرافية",تقريب رقمي 5x,تقنية التثبيت الرقمي (EIS),"دقة FHD (بمعدل 240 إطار)
دقة FHD (بمعدل 120 إطار)","دقة 4K (بمعدل 30/60 إطار)
دقة FHD (بمعدل 30/60 إطار)",لا يدعم,,,,,,12 ميجابكسل,,"تقنية HDR
المؤقت الذاتي
إشارة الالتقاط
كشف الوجوه والابتسامات","دقة FHD (بمعدل 30/60 إطار)
تقنية التثبيت الرقمي (EIS)",لا يدعم,يدعم (2 سماعات ستيريو),لا يدعم,لا يدعم,,"إصدار Wi-Fi 6E
a/b/g/n/ac/ax
Dual-band
Hotspot نقطة الاتصال","إصدار 5.3
A2DP
LE",يدعم,لا يدعم,لا يدعم,منفذ USB Type-C 3.1,يدعم,,لا يدعم,لا يدعم,9705 مللي أمبير,ليثيوم بو,غير قابلة للإزالة,"جيروسكوب
البوصلة
التسارع
بارومتر","مستشعر بصمة الأصابع (في زر الطاقة)
الرقم السري
كلمة السر",,"الجهاز
الشاحن (20 واط)
كابل USB Type-C
التابلت يدعم القلم",,"ipad air 13 2024,ايباد اير 13 2024,مواصفات ipad air 13 2024,مواصفات ايباد اير 13 2024,سعر ipad air 13 2024,سعر ايباد اير 13 2024,مميزات ipad air 13 2024,مميزات ايباد اير 13 2024,عيوب ipad air 13 2024,عيوب ايباد اير 13 2024","تابلت,أيباد"
iPad Pro 11 2024,التابلت يأتي مزود بمعالج Apple M4 بدقة تصنيع 3 نانومتر، المعالج يقدم أداء جبار جدا ويعتبر اقوى معالج في هذه الفئة من الأجهزة,https://mob4g.com/wp-content/uploads/2024/08/iPad-Pro-11-2024.webp,apple,تابلت,https://www.amazon.eg/s?k=iPad+Pro+11+2024,1000,5.0,"التابلت يأتي مزود بمعالج Apple M4 بدقة تصنيع 3 نانومتر، المعالج يقدم أداء جبار جدا ويعتبر اقوى معالج في هذه الفئة من الأجهزة

التابلت يأتي بشاشة ممتازة من نوع OLED، الشاشة تدعم تقنية HDR10 و Dolby Vision وتدعم درجة سطوع تصل حتى 1600 شمعة

التابلت يدعم معدل تحديث الشاشة 120 هرتز

التابلت يأتي بكاميرا خلفية بدقة 12 ميجابكسل تدعم إمكانية تصوير الفيديو بدقة 4K بمعدل 30/60 إطار في الثانية

التابلت يأتي مزود بأربع سماعات بنظام ستيريو

التابلت يدعم شبكات اتصالات الجيل الخامس 5G","التابلت لا يأتي مزود بمنفذ سماعات الأذن 3.5mm jack

التابلت لا يدعم إمكانيات توسيع التخزين الخارجي عبر بطاقة الميموري كارد لأنه لا يأتي مزود بفتحة بطاقة الميموري كارد MicroSD",العالمي,2024-05-1 0:2,"الأسود
الفضي",249.7 مم,177.5 مم,5.3 مم,,,446 غرام,"الإطار: الألومنيوم
الظهر: الألومنيوم",5G,"شبكات 3G تصل حتى 42 ميجابايت
شبكات 4G تصل حتى 1.2 جيجابايت
شبكات 5G تصل حتى 3.7 جيجابايت",eSIM<br>,شريحة واحدة,"GPRS<br>,EDGE<br>",Ultra Retina Tandem OLED,11.0 بوصة,120 هرتز,1668x2420 بكسل,3:2,84.2 في المئة,264 بكسل في كل إنش,1600 شمعة,,,"زجاج مقاوم للخدش
طلاء مقاوم للزيوت وبصمات الأصابع","تقنية HDR10
تقنية Dolby Vision
وضع حماية العين
الوضع الليلي
16 مليون لون",,,,,,,,,,,,Apple M4,3 نانومتر,,"تسعة أنوية بتردد 4.4 جيجاهرتز (في نسخة 256/512 جيجابايت)
عشرة أنوية بتردد 4.4 جيجاهرتز (في نسخة 1/2 تيرابايت)",Apple GPU (عشرة أنوية),8 جيجابايت<br>,"256 جيجابايت<br>,512 جيجابايت<br>,1 تيرابايت<br>,2 تيرابايت<br>",,,لا يدعم,,iPadOS 17.5.1,,كاميرا واحدة,كاميرا واحدة,12 ميجابكسل,,,"التركيز التلقائي اوتو فوكس (AF)
كشف الوجوه والابتسامات
تقنية HDR
بانوراما
إعدادات ISO
التركيز باللمس
العنونة الجغرافية",تقريب رقمي 5x,تقنية التثبيت الرقمي (EIS),"دقة FHD (بمعدل 240 إطار)
دقة FHD (بمعدل 120 إطار)","دقة 4K (بمعدل 30/60 إطار)
دقة FHD (بمعدل 30/60 إطار)",يدعم,فلاش رباعي,,,,,12 ميجابكسل,,"تقنية HDR
المؤقت الذاتي
إشارة الالتقاط
كشف الوجوه والابتسامات","دقة FHD (بمعدل 30/60 إطار)
تقنية التثبيت الرقمي (EIS)",لا يدعم,يدعم (4 سماعات ستيريو),لا يدعم,لا يدعم,,"إصدار Wi-Fi 6E
a/b/g/n/ac/ax
Dual-band
Hotspot نقطة الاتصال","إصدار 5.3
A2DP
EDR
LE",يدعم,لا يدعم,لا يدعم,منفذ USB Type-C 4,يدعم,,لا يدعم,لا يدعم,8160 مللي أمبير,ليثيوم بو,غير قابلة للإزالة,"جيروسكوب
البوصلة
التسارع
بارومتر","التعرف على الوجه (Face ID)
الرقم السري
كلمة السر",,"الجهاز
الشاحن (20 واط)
كابل USB Type-C
التابلت يدعم القلم",,"ipad pro 11 2024,ايباد برو 11 2024,مواصفات ipad pro 11 2024,مواصفات ايباد برو 11 2024,سعر ipad pro 11 2024,سعر ايباد برو 11 2024,مميزات ipad pro 11 2024,مميزات ايباد برو 11 2024,عيوب ipad pro 11 2024,عيوب ايباد برو 11 2024","تابلت,أيباد"
iPad Pro 13 2024,التابلت يأتي مزود بمعالج Apple M4 بدقة تصنيع 3 نانومتر، المعالج يقدم أداء جبار جدا ويعتبر اقوى معالج في هذه الفئة من الأجهزة,https://mob4g.com/wp-content/uploads/2024/06/iPad-Pro-13-2024-2.webp,apple,تابلت,https://www.amazon.eg/s?k=iPad+Pro+13+2024,1300,5.0,"التابلت يأتي مزود بمعالج Apple M4 بدقة تصنيع 3 نانومتر، المعالج يقدم أداء جبار جدا ويعتبر اقوى معالج في هذه الفئة من الأجهزة

التابلت يأتي بشاشة ممتازة من نوع OLED، الشاشة تدعم تقنية HDR10 و Dolby Vision وتدعم درجة سطوع تصل حتى 1600 شمعة

التابلت يدعم معدل تحديث الشاشة 120 هرتز

التابلت يأتي بكاميرا خلفية بدقة 12 ميجابكسل تدعم إمكانية تصوير الفيديو بدقة 4K بمعدل 30/60 إطار في الثانية

التابلت يأتي مزود بأربع سماعات بنظام ستيريو

التابلت يدعم شبكات اتصالات الجيل الخامس 5G","التابلت لا يأتي مزود بمنفذ سماعات الأذن 3.5mm jack

التابلت لا يدعم إمكانيات توسيع التخزين الخارجي عبر بطاقة الميموري كارد لأنه لا يأتي مزود بفتحة بطاقة الميموري كارد MicroSD",العالمي,2024-05-1 0:3,"الأسود
الفضي",281.6 مم,215.5 مم,5.1 مم,,,582 غرام,"الإطار: الألومنيوم
الظهر: الألومنيوم",5G,"شبكات 3G تصل حتى 42 ميجابايت
شبكات 4G تصل حتى 1.2 جيجابايت
شبكات 5G تصل حتى 3.7 جيجابايت",eSIM<br>,شريحة واحدة,"GPRS<br>,EDGE<br>",Ultra Retina Tandem OLED,13.0 بوصة,120 هرتز,2064x2752 بكسل,4:3,86.9 في المئة,264 بكسل في كل إنش,1600 شمعة,,,"زجاج مقاوم للخدش
طلاء مقاوم للزيوت وبصمات الأصابع","تقنية HDR10
تقنية Dolby Vision
وضع حماية العين
الوضع الليلي
16 مليون لون",,,,,,,,,,,,Apple M4,3 نانومتر,,"تسعة أنوية بتردد 4.4 جيجاهرتز (في نسخة 256/512 جيجابايت)
عشرة أنوية بتردد 4.4 جيجاهرتز (في نسخة 1/2 تيرابايت)",Apple GPU (عشرة أنوية),8 جيجابايت<br>,"256 جيجابايت<br>,512 جيجابايت<br>,1 تيرابايت<br>,2 تيرابايت<br>",,,لا يدعم,,iPadOS 17.5.1,,كاميرا واحدة,كاميرا واحدة,12 ميجابكسل,,,"التركيز التلقائي اوتو فوكس (AF)
كشف الوجوه والابتسامات
تقنية HDR
بانوراما
إعدادات ISO
التركيز باللمس
العنونة الجغرافية",تقريب رقمي 5x,تقنية التثبيت الرقمي (EIS),"دقة FHD (بمعدل 240 إطار)
دقة FHD (بمعدل 120 إطار)","دقة 4K (بمعدل 30/60 إطار)
دقة FHD (بمعدل 30/60 إطار)",يدعم,فلاش رباعي,,,,,12 ميجابكسل,,"تقنية HDR
المؤقت الذاتي
إشارة الالتقاط
كشف الوجوه والابتسامات","دقة FHD (بمعدل 30/60 إطار)
تقنية التثبيت الرقمي (EIS)",لا يدعم,يدعم (4 سماعات ستيريو),لا يدعم,لا يدعم,,"إصدار Wi-Fi 6E
a/b/g/n/ac/ax
Dual-band
Hotspot نقطة الاتصال","إصدار 5.3
A2DP
EDR
LE",يدعم,لا يدعم,لا يدعم,منفذ USB Type-C 4,يدعم,,لا يدعم,لا يدعم,10290 مللي أمبير,ليثيوم بو,غير قابلة للإزالة,"جيروسكوب
البوصلة
التسارع
بارومتر","التعرف على الوجه (Face ID)
الرقم السري
كلمة السر",,"الجهاز
الشاحن (20 واط)
كابل USB Type-C
التابلت يدعم القلم",,"ipad pro 13 2024,ايباد برو 13 2024,مواصفات ipad pro 13 2024,مواصفات ايباد برو 13 2024,سعر ipad pro 13 2024,سعر ايباد برو 13 2024,مميزات ipad pro 13 2024,مميزات ايباد برو 13 2024,عيوب ipad pro 13 2024,عيوب ايباد برو 13 2024","تابلت,أيباد"
Apple Watch Series 10 Aluminum,الساعة تأتي مزودة بمستشعرات لقياس معدل الأكسجين في الدم وقياس معدل ضربات القلب,https://mob4g.com/wp-content/uploads/2024/09/Apple-Watch-Series-10-Aluminum-2.webp,apple,ساعة,https://www.amazon.eg/s?k=Apple+Watch+Series+10+Aluminum,400,4.6,"درجة سطوع الشاشة عالية جدا (2000 شمعة)

الساعة مقاومة للماء بعمق يصل حتى 50 متر تحت الماء

الساعة تدعم شبكات اتصالات الجيل الرابع فورجي 4G

الساعة تأتي مزودة بمستشعرات لقياس معدل الأكسجين في الدم وقياس معدل ضربات القلب

الساعة تدعم تقنية الشحن اللاسلكي",شاشة الساعة تأتي محمية بطبقة زجاج من نوع Ion-X (هذا النوع من الزجاج لا يعتبر الأقوى بمقارنة مع زجاج كريستال الياقوت),العالمي,2024-09-1 0:11,"الأسود
الفضي
الذهبي الوردي",46 مم,39 مم,9.7 مم,,,35.3 غرام,"الإطار: الألومنيوم
الظهر: السيراميك/كريستال الياقوت",4G,,eSIM<br>,,,Retina LTPO3 OLED,1.96 بوصة,,496x416 بكسل,,,330 بكسل في كل إنش,2000 شمعة,,,زجاج Ion-X,خاصية Always-on display,,,,,,,,,,,,Apple S10,,ثنائي النواة,,PowerVR,,64 جيجابايت<br>,,,لا يدعم,,watchOS 11,,لا يدعم,,لا يدعم,,,,,,,,لا يدعم,,,,,,,,,,,يدعم,لا يدعم,لا يدعم,,"إصدار Wi-Fi 4
b/g/n
Dual-band","إصدار 5.3
A2DP
LE",يدعم,يدعم,لا يدعم,,لا يدعم,,يدعم,لا يدعم,غير معروفة,ليثيوم ايون,غير قابلة للإزالة,"التسارع
بارومتر
البوصلة
جيروسكوب
مستشعر الارتفاع
مستشعر VO2max
مستشعر لقياس معدل ضربات القلب
مستشعر لقياس معدل الأكسجين في الدم
مستشعر قياس درجة الحرارة (الجسم والماء)",,"الساعة مقاومة للماء بعمق يصل حتى 50 متر تحت الماء
الساعة مقاومة للغبار (بمعيار IP6X)","الساعة
حزام الساعة
منصة الشحن","تقنية النطاق العريض (UWB)
دعم تخطيط كهربية القلب (ECG)","apple watch series 10 aluminum,,مواصفات apple watch series 10 aluminum,مواصفات ,سعر apple watch series 10 aluminum,سعر ,مميزات apple watch series 10 aluminum,مميزات ,عيوب apple watch series 10 aluminum,عيوب ","ساعات,ساعات أبل"
Apple Watch Series 10,الساعة تأتي مزودة بمستشعرات لقياس معدل الأكسجين في الدم وقياس معدل ضربات القلب,https://mob4g.com/wp-content/uploads/2024/09/Apple-Watch-Series-10-3.webp,apple,ساعة,https://www.amazon.eg/s?k=Apple+Watch+Series+10,700,4.7,"شاشة الساعة تأتي محمية بطبقة زجاج من نوع كريستال الياقوت
درجة سطوع الشاشة عالية جدا (2000 شمعة)

الساعة مقاومة للماء بعمق يصل حتى 50 متر تحت الماء

الساعة تدعم شبكات اتصالات الجيل الرابع فورجي 4G

الساعة تأتي مزودة بمستشعرات لقياس معدل الأكسجين في الدم وقياس معدل ضربات القلب

الساعة تدعم تقنية الشحن اللاسلكي",,العالمي,2024-09-1 0:12,"الأسود
الفضي
الذهبي",46 مم,39 مم,9.7 مم,,,41.7 غرام,"الإطار: التيتانيوم
الظهر: السيراميك/كريستال الياقوت",4G,,eSIM<br>,,,Retina LTPO3 OLED,1.96 بوصة,,496x416 بكسل,,,330 بكسل في كل إنش,2000 شمعة,,,زجاج كريستال الياقوت,خاصية Always-on display,,,,,,,,,,,,Apple S10,,ثنائي النواة,,PowerVR,,64 جيجابايت<br>,,,لا يدعم,,watchOS 11,,لا يدعم,,لا يدعم,,,,,,,,لا يدعم,,,,,,,,,,,يدعم,لا يدعم,لا يدعم,,"إصدار Wi-Fi 4
b/g/n
Dual-band","إصدار 5.3
A2DP
LE",يدعم,يدعم,لا يدعم,,لا يدعم,,يدعم,لا يدعم,غير معروفة,ليثيوم ايون,غير قابلة للإزالة,"التسارع
بارومتر
البوصلة
جيروسكوب
مستشعر الارتفاع
مستشعر VO2max
مستشعر لقياس معدل ضربات القلب
مستشعر لقياس معدل الأكسجين في الدم
مستشعر قياس درجة الحرارة (الجسم والماء)",,"الساعة مقاومة للماء بعمق يصل حتى 50 متر تحت الماء
الساعة مقاومة للغبار (بمعيار IP6X)","الساعة
حزام الساعة
منصة الشحن","تقنية النطاق العريض (UWB)
دعم تخطيط كهربية القلب (ECG)","apple watch series 10,,مواصفات apple watch series 10,مواصفات ,سعر apple watch series 10,سعر ,مميزات apple watch series 10,مميزات ,عيوب apple watch series 10,عيوب ","ساعات,ساعات أبل"
iPhone 16,الهاتف يأتي مزود بكاميرا خلفية ثنائية بدقة 48 و 12 ميجابكسل، الكاميرات تقدم أداء في التصوير يعتبر ممتاز جدا، مع دعم إمكانيات جيدة مثل تقنية التثبيت البصري OIS وتصوير الفيديو بدقة 4K بمعدل 30/60 إطار في الثانية,https://mob4g.com/wp-content/uploads/2023/09/iPhone-16-3.webp,apple,هاتف,https://www.amazon.eg/s?k=iPhone+16,800,4.5,"الهاتف يأتي مزود بمعالج Apple A18 بدقة تصنيع 3 نانومتر، المعالج يقدم أداء قوي جدا ويعتبر من اقوى معالجات الفئة العليا ولكن ليس أقوى من معالج A18 Pro في ايفون 16 برو

يأتي هاتف ايفون 16 بشاشة ممتازة من نوع OLED، الشاشة تأتي بفتحة Dynamic Island وتدعم تقنية HDR10 و Dolby Vision ودرجة سطوع عالية تصل حتى 2000 شمعة

الهاتف يأتي مزود بكاميرا خلفية ثنائية بدقة 48 و 12 ميجابكسل، الكاميرات تقدم أداء في التصوير يعتبر ممتاز جدا، مع دعم إمكانيات جيدة مثل تقنية التثبيت البصري OIS وتصوير الفيديو بدقة 4K بمعدل 30/60 إطار في الثانية

الهاتف يأتي بكاميرا أمامية بدقة 12 ميجابكسل، الكاميرا تدعم التركيز التلقائي اوتو فوكس AF وتصوير الفيديو بدقة 4K بمعدل 30/60 إطار في الثانية

هاتف ايفون 16 يأتي مقاوم للماء والغبار بمعيار IP68، مقاومة الماء تصل الى عمق 6 امتار ولمدة 30 دقيقة تحت الماء","الهاتف لا يدعم معدل تحديث الشاشة 120 هرتز

الهاتف لا يدعم إمكانية تصوير الفيديو بدقة 8K

الهاتف لا يأتي مزود بكاميرا لتقريب البصري (Telephoto)

الهاتف لا يأتي مرفق معه شاحن في العلبة، يتوجب عليك شراء شاحن بشكل منفصل

الهاتف لا يأتي مزود بمنفذ سماعات الأذن 3.5mm jack

الهاتف لا يدعم إمكانيات توسيع التخزين الخارجي عبر بطاقة الميموري كارد لأنه لا يأتي مزود بفتحة بطاقة الميموري كارد MicroSD",العالمي,2024-09-1 0:13,"الوردي
الأسود
الأبيض
الأخضر
البنفسجي",147.6 مم,71.6 مم,7.8 مم,,,170 غرام,"الإطار: الألومنيوم
الظهر: الزجاج",5G,"شبكات 3G تصل حتى 42 ميجابايت
شبكات 4G تصل حتى 1.2 جيجابايت
شبكات 5G تصل حتى 3.7 جيجابايت","Nano SIM<br>,eSIM<br>",شريحة واحدة,"GPRS<br>,EDGE<br>",Super Retina XDR OLED,6.1 بوصة,60 هرتز,1179x2556 بكسل,19.5:9,86.4 في المئة,461 بكسل في كل إنش,2000 شمعة,,,زجاج Ceramic Shield,"تقنية Dolby Vision
تقنية HDR10
وضع حماية العين
الوضع الليلي
16 مليون لون",,,,,,,,,,,,Apple A18,3 نانومتر,سداسي النواة,,Apple GPU (خماسي النواة),8 جيجابايت<br>,"128 جيجابايت<br>,256 جيجابايت<br>,512 جيجابايت<br>",,,لا يدعم,,iOS 18,,48 + 12 ميجابكسل,48 + 12 ميجابكسل,"48 ميجابكسل: كاميرا رئيسية (OIS)
12 ميجابكسل: زاوية واسعة (AF)",,,"التركيز التلقائي اوتو فوكس (AF)
التصوير بزاوية واسعة Ultrawide
وضع عزل الخلفية
وضع التصوير الليلي
وضع التصوير الإحترافي
كشف الوجوه والابتسامات
تقنية HDR
بانوراما
إعدادات ISO
التركيز باللمس
العنونة الجغرافية",تقريب رقمي 10x,"تقنية التثبيت البصري (OIS)
تقنية التثبيت الرقمي (EIS)","دقة FHD (بمعدل 240 إطار)
دقة FHD (بمعدل 120 إطار)","دقة 4K (بمعدل 30/60 إطار)
دقة FHD (بمعدل 30/60 إطار)
تصوير الفيديو بتقنية Dolby Vision HDR",يدعم,,,,,,12 ميجابكسل,,"التركيز التلقائي اوتو فوكس (AF)
وضع عزل الخلفية
وضع التصوير الليلي
تقنية HDR
المؤقت الذاتي
إشارة الالتقاط
كشف الوجوه والابتسامات","دقة 4K (بمعدل 30/60 إطار)
دقة FHD (بمعدل 30/60 إطار)
تقنية التثبيت الرقمي (EIS)
التصوير بالحركة البطيئة (Slow Motion)
تصوير الفيديو بتقنية Dolby Vision HDR",لا يدعم,يدعم (2 سماعات ستيريو),لا يدعم,لا يدعم,,"إصدار Wi-Fi 7
b/g/n/ac/ax/be
Dual-band
Hotspot نقطة الاتصال","إصدار 5.3
A2DP
LE",يدعم,يدعم,لا يدعم,منفذ USB Type-C 2.0,يدعم,شحن 50 في المئة في 30 دقيقة,15 واط,لا يدعم,غير معروفة,ليثيوم ايون,غير قابلة للإزالة,"جيروسكوب
البوصلة
بارومتر
التسارع
التقارب","التعرف على الوجه (Face ID)
الرقم السري
كلمة السر",الهاتف مقاوم للماء والغبار بمعيار IP68 (مقاومة الماء تصل الى 6 أمتار و30 دقيقة تحت الماء),"الجهاز
كابل USB Type-C","دعم تقنية اتصال عبر الأقمار الصناعية (الرسائل ورسائل الطوارئ والبحث عن الهاتف)
تقنية النطاق العريض (UWB)
المساعد الشخصي Siri
خاصية Apple Pay","iphone 16,iphone 16,مواصفات iphone 16,مواصفات iphone 16,سعر iphone 16,سعر iphone 16,مميزات iphone 16,مميزات iphone 16,عيوب iphone 16,عيوب iphone 16","هواتف,أيفون"
iPhone 16 Plus,الهاتف يأتي مزود بكاميرا خلفية ثنائية بدقة 48 و 12 ميجابكسل، الكاميرات تقدم أداء في التصوير يعتبر ممتاز جدا، مع دعم إمكانيات جيدة مثل تقنية التثبيت البصري OIS وتصوير الفيديو بدقة 4K بمعدل 30/60 إطار في الثانية,https://mob4g.com/wp-content/uploads/2024/09/iPhone-16-Plus-4.webp,apple,هاتف,https://www.amazon.eg/s?k=iPhone+16+Plus,900,4.7,"الهاتف يأتي مزود بمعالج Apple A18 بدقة تصنيع 3 نانومتر، المعالج يقدم أداء قوي جدا ويعتبر من اقوى معالجات الفئة العليا ولكن ليس أقوى من معالج A18 Pro في ايفون 16 برو

الهاتف يأتي بشاشة كبيرة الحجم مقاس 6.7 بوصة، الشاشة تغطي معظم مساحة واجهة الهاتف، ما عدا فتحة Dynamic Island للمستشعرات والكاميرا الأمامية في أعلى وسط الشاشة

يأتي هاتف ايفون 16 بلس بشاشة ممتازة من نوع OLED، الشاشة تدعم تقنية HDR10 و Dolby Vision ودرجة سطوع عالية تصل حتى 2000 شمعة

الهاتف يأتي مزود بكاميرا خلفية ثنائية بدقة 48 و 12 ميجابكسل، الكاميرات تقدم أداء في التصوير يعتبر ممتاز جدا، مع دعم إمكانيات جيدة مثل تقنية التثبيت البصري OIS وتصوير الفيديو بدقة 4K بمعدل 30/60 إطار في الثانية

الهاتف يأتي بكاميرا أمامية بدقة 12 ميجابكسل، الكاميرا تدعم التركيز التلقائي اوتو فوكس AF وتصوير الفيديو بدقة 4K بمعدل 30/60 إطار في الثانية

هاتف ايفون 16 بلس يأتي مقاوم للماء والغبار بمعيار IP68، مقاومة الماء تصل الى عمق 6 امتار ولمدة 30 دقيقة تحت الماء","الهاتف لا يدعم معدل تحديث الشاشة 120 هرتز

الهاتف لا يدعم إمكانية تصوير الفيديو بدقة 8K

الهاتف لا يأتي مزود بكاميرا لتقريب البصري (Telephoto)

الهاتف لا يأتي مرفق معه شاحن في العلبة، يتوجب عليك شراء شاحن بشكل منفصل

الهاتف لا يأتي مزود بمنفذ سماعات الأذن 3.5mm jack

الهاتف لا يدعم إمكانيات توسيع التخزين الخارجي عبر بطاقة الميموري كارد لأنه لا يأتي مزود بفتحة بطاقة الميموري كارد MicroSD",العالمي,2024-09-1 0:14,"الوردي
الأسود
الأبيض
الأخضر
البنفسجي",160.9 مم,77.8 مم,7.8 مم,,,199 غرام,"الإطار: الألومنيوم
الظهر: الزجاج",5G,"شبكات 3G تصل حتى 42 ميجابايت
شبكات 4G تصل حتى 1.2 جيجابايت
شبكات 5G تصل حتى 3.7 جيجابايت","Nano SIM<br>,eSIM<br>",شريحة واحدة,"GPRS<br>,EDGE<br>",Super Retina XDR OLED,6.7 بوصة,60 هرتز,1290x2796 بكسل,19.5:9,88.0 في المئة,460 بكسل في كل إنش,2000 شمعة,,,زجاج Ceramic Shield,"تقنية Dolby Vision
تقنية HDR10
وضع حماية العين
الوضع الليلي
16 مليون لون",,,,,,,,,,,,Apple A18,3 نانومتر,سداسي النواة,,Apple GPU (خماسي النواة),8 جيجابايت<br>,"128 جيجابايت<br>,256 جيجابايت<br>,512 جيجابايت<br>",,,لا يدعم,,iOS 18,,48 + 12 ميجابكسل,48 + 12 ميجابكسل,"48 ميجابكسل: كاميرا رئيسية (OIS)
12 ميجابكسل: زاوية واسعة (AF)",,,"التركيز التلقائي اوتو فوكس (AF)
التصوير بزاوية واسعة Ultrawide
وضع عزل الخلفية
وضع التصوير الليلي
وضع التصوير الإحترافي
كشف الوجوه والابتسامات
تقنية HDR
بانوراما
إعدادات ISO
التركيز باللمس
العنونة الجغرافية",تقريب رقمي 10x,"تقنية التثبيت البصري (OIS)
تقنية التثبيت الرقمي (EIS)","دقة FHD (بمعدل 240 إطار)
دقة FHD (بمعدل 120 إطار)","دقة 4K (بمعدل 30/60 إطار)
دقة FHD (بمعدل 30/60 إطار)
تصوير الفيديو بتقنية Dolby Vision HDR",يدعم,,,,,,12 ميجابكسل,,"التركيز التلقائي اوتو فوكس (AF)
وضع عزل الخلفية
وضع التصوير الليلي
تقنية HDR
المؤقت الذاتي
إشارة الالتقاط
كشف الوجوه والابتسامات","دقة 4K (بمعدل 30/60 إطار)
دقة FHD (بمعدل 30/60 إطار)
تقنية التثبيت الرقمي (EIS)
التصوير بالحركة البطيئة (Slow Motion)
تصوير الفيديو بتقنية Dolby Vision HDR",لا يدعم,يدعم (2 سماعات ستيريو),لا يدعم,لا يدعم,,"إصدار Wi-Fi 7
b/g/n/ac/ax/be
Dual-band
Hotspot نقطة الاتصال","إصدار 5.3
A2DP
LE",يدعم,يدعم,لا يدعم,منفذ USB Type-C 2.0,يدعم,شحن 50 في المئة في 30 دقيقة,15 واط,لا يدعم,غير معروفة,ليثيوم ايون,غير قابلة للإزالة,"جيروسكوب
البوصلة
بارومتر
التسارع
التقارب","التعرف على الوجه (Face ID)
الرقم السري
كلمة السر",الهاتف مقاوم للماء والغبار بمعيار IP68 (مقاومة الماء تصل الى 6 أمتار و30 دقيقة تحت الماء),"الجهاز
كابل USB Type-C","دعم تقنية اتصال عبر الأقمار الصناعية (الرسائل ورسائل الطوارئ والبحث عن الهاتف)
تقنية النطاق العريض (UWB)
المساعد الشخصي Siri
خاصية Apple Pay","iphone 16 plus,iphone 16 plus,مواصفات iphone 16 plus,مواصفات iphone 16 plus,سعر iphone 16 plus,سعر iphone 16 plus,مميزات iphone 16 plus,مميزات iphone 16 plus,عيوب iphone 16 plus,عيوب iphone 16 plus","هواتف,أيفون"
iPhone 16 Pro,الهاتف يأتي مزود بثلاث كاميرات خلفية بدقة 48 و 12 و 48 ميجابكسل، الكاميرات تقدم أداء خرافي في جميع أوضاع التصوير، مع دعم إمكانيات قوية مثل التقريب البصري حتى 5x وتقريب رقمي حتى 25x وتقنية التثبيت البصري OIS وتصوير الفيديو بدقة 4K بمعدل 30/60 إطار في الثانية,https://mob4g.com/wp-content/uploads/2024/09/iPhone-16-Pro-3.webp,apple,هاتف,https://www.amazon.eg/s?k=iPhone+16+Pro,1000,4.7,"الهاتف يأتي مزود بمعالج Apple A18 Pro بدقة تصنيع 3 نانومتر، المعالج يقدم أداء قوي جدا ويعتبر اقوى معالج في الفئة العليا بدون منازع

يأتي هاتف ايفون 16 برو بشاشة ممتازة من نوع LTPO OLED، الشاشة تدعم تقنية HDR10 و Dolby Vision ودرجة سطوع عالية تصل حتى 2000 شمعة

الهاتف يدعم معدل تحديث الشاشة 120 هرتز بتقنية LTPO التي تعمل على تغيير معدل تحديث الشاشة بشكل تلقائي من 1 الى 120 هرتز حسب الحاجة لتقليل من استهلاك الطاقة

الهاتف يأتي مزود بثلاث كاميرات خلفية بدقة 48 و 12 و 48 ميجابكسل، الكاميرات تقدم أداء خرافي في جميع أوضاع التصوير، مع دعم إمكانيات قوية مثل التقريب البصري حتى 5x وتقريب رقمي حتى 25x وتقنية التثبيت البصري OIS وتصوير الفيديو بدقة 4K بمعدل 30/60 إطار في الثانية

الهاتف يأتي بكاميرا أمامية بدقة 12 ميجابكسل، الكاميرا تدعم التركيز التلقائي اوتو فوكس AF وتصوير الفيديو بدقة 4K بمعدل 30/60 إطار في الثانية

الإطار الجانبي للهاتف يأتي مصنوع من التيتانيوم مع ظهر من الزجاج

هاتف ايفون 16 برو يأتي مقاوم للماء والغبار بمعيار IP68، مقاومة الماء تصل الى عمق 6 امتار ولمدة 30 دقيقة تحت الماء","الهاتف لا يدعم إمكانية تصوير الفيديو بدقة 8K

الهاتف لا يأتي مرفق معه شاحن في العلبة، يتوجب عليك شراء شاحن بشكل منفصل

الهاتف لا يأتي مزود بمنفذ سماعات الأذن 3.5mm jack

الهاتف لا يدعم إمكانيات توسيع التخزين الخارجي عبر بطاقة الميموري كارد لأنه لا يأتي مزود بفتحة بطاقة الميموري كارد MicroSD",العالمي,2024-09-1 0:15,"تيتانيوم أسود
تيتانيوم أبيض
تيتانيوم طبيعي
تيتانيوم صحراوي (ذهبي)",149.6 مم,71.5 مم,8.3 مم,,,199 غرام,"الإطار: التيتانيوم
الظهر: الزجاج",5G,"شبكات 3G تصل حتى 42 ميجابايت
شبكات 4G تصل حتى 1.2 جيجابايت
شبكات 5G تصل حتى 3.7 جيجابايت","Nano SIM<br>,eSIM<br>",شريحة واحدة,"GPRS<br>,EDGE<br>",LTPO OLED,6.3 بوصة,120 هرتز,1206x2622 بكسل,19.5:9,90.9 في المئة,458 بكسل في كل إنش,2000 شمعة,,,زجاج Ceramic Shield,"خاصية Always-On display
تقنية Dolby Vision
تقنية HDR10
وضع حماية العين
الوضع الليلي
16 مليون لون",,,,,,,,,,,,Apple A18 Pro,3 نانومتر,سداسي النواة,,Apple GPU (سداسي النواة),8 جيجابايت<br>,"128 جيجابايت<br>,256 جيجابايت<br>,512 جيجابايت<br>,1 تيرابايت<br>",,,لا يدعم,,iOS 18,,48 + 12 + 48 ميجابكسل,48 + 12 + 48 ميجابكسل,"48 ميجابكسل: كاميرا رئيسية (OIS+AF)
12 ميجابكسل: تقريب بصري (OIS+AF)
48 ميجابكسل: زاوية واسعة (AF)",,,"التركيز التلقائي اوتو فوكس (AF)
التصوير بزاوية واسعة Ultrawide
وضع عزل الخلفية
وضع التصوير الليلي
وضع التصوير الإحترافي
كشف الوجوه والابتسامات
تقنية HDR
بانوراما
إعدادات ISO
التركيز باللمس
العنونة الجغرافية","تقريب بصري حتى 5x
تقريب رقمي حتى 25x","تقنية التثبيت البصري (OIS)
تقنية التثبيت الرقمي (EIS)","دقة 4K (بمعدل 120 إطار)
دقة FHD (بمعدل 240 إطار)
دقة FHD (بمعدل 120 إطار)","دقة 4K (بمعدل 30/60 إطار)
دقة FHD (بمعدل 30/60 إطار)
تصوير الفيديو بتقنية Dolby Vision HDR",يدعم,,,,,,12 ميجابكسل,,"التركيز التلقائي اوتو فوكس (AF)
وضع عزل الخلفية
وضع التصوير الليلي
تقنية HDR
المؤقت الذاتي
إشارة الالتقاط
كشف الوجوه والابتسامات","دقة 4K (بمعدل 30/60 إطار)
دقة FHD (بمعدل 30/60 إطار)
تقنية التثبيت الرقمي (EIS)
تقنية التثبيت البصري (OIS)
التصوير بالحركة البطيئة (Slow Motion)
تصوير الفيديو بتقنية Dolby Vision HDR",لا يدعم,يدعم (2 سماعات ستيريو),لا يدعم,لا يدعم,,"إصدار Wi-Fi 7
b/g/n/ac/ax/be
Dual-band
Hotspot نقطة الاتصال","إصدار 5.3
A2DP
LE",يدعم,يدعم,لا يدعم,منفذ USB Type-C 3.2,يدعم,شحن 50 في المئة في 30 دقيقة,15 واط,لا يدعم,غير معروفة,ليثيوم ايون,غير قابلة للإزالة,"جيروسكوب
البوصلة
بارومتر
التسارع
التقارب","التعرف على الوجه (Face ID)
الرقم السري
كلمة السر",الهاتف مقاوم للماء والغبار بمعيار IP68 (مقاومة الماء تصل الى 6 أمتار و30 دقيقة تحت الماء),"الجهاز
كابل USB Type-C","دعم تقنية اتصال عبر الأقمار الصناعية (الرسائل ورسائل الطوارئ والبحث عن الهاتف)
تقنية النطاق العريض (UWB)
المساعد الشخصي Siri
خاصية Apple Pay","iphone 16 pro,ايفون 16 برو,مواصفات iphone 16 pro,مواصفات ايفون 16 برو,سعر iphone 16 pro,سعر ايفون 16 برو,مميزات iphone 16 pro,مميزات ايفون 16 برو,عيوب iphone 16 pro,عيوب ايفون 16 برو","هواتف,أيفون"
iPhone 16 Pro Max,الهاتف يأتي مزود بثلاث كاميرات خلفية بدقة 48 و 12 و 48 ميجابكسل، الكاميرات تقدم أداء خرافي في جميع أوضاع التصوير، مع دعم إمكانيات قوية مثل التقريب البصري حتى 5x وتقريب رقمي حتى 25x وتقنية التثبيت البصري OIS وتصوير الفيديو بدقة 4K بمعدل 30/60 إطار في الثانية,https://mob4g.com/wp-content/uploads/2023/09/iPhone-16-Pro-Max-4.webp,apple,هاتف,https://www.amazon.eg/s?k=iPhone+16+Pro+Max,1200,4.9,"الهاتف يأتي مزود بمعالج Apple A18 Pro بدقة تصنيع 3 نانومتر، المعالج يقدم أداء قوي جدا ويعتبر اقوى معالج في الفئة العليا بدون منازع

الهاتف يأتي بشاشة كبيرة الحجم مقاس 6.9 بوصة، الشاشة تغطي معظم مساحة واجهة الهاتف، ما عدا فتحة Dynamic Island للمستشعرات والكاميرا الأمامية في أعلى وسط الشاشة

يأتي هاتف ايفون 16 برو ماكس بشاشة ممتازة من نوع LTPO OLED، الشاشة تدعم تقنية HDR10 و Dolby Vision ودرجة سطوع عالية تصل حتى 2000 شمعة

الهاتف يدعم معدل تحديث الشاشة 120 هرتز بتقنية LTPO التي تعمل على تغيير معدل تحديث الشاشة بشكل تلقائي من 1 الى 120 هرتز حسب الحاجة لتقليل من استهلاك الطاقة

الهاتف يأتي مزود بثلاث كاميرات خلفية بدقة 48 و 12 و 48 ميجابكسل، الكاميرات تقدم أداء خرافي في جميع أوضاع التصوير، مع دعم إمكانيات قوية مثل التقريب البصري حتى 5x وتقريب رقمي حتى 25x وتقنية التثبيت البصري OIS وتصوير الفيديو بدقة 4K بمعدل 30/60 إطار في الثانية

الهاتف يأتي بكاميرا أمامية بدقة 12 ميجابكسل، الكاميرا تدعم التركيز التلقائي اوتو فوكس AF وتصوير الفيديو بدقة 4K بمعدل 30/60 إطار في الثانية

الإطار الجانبي للهاتف يأتي مصنوع من التيتانيوم مع ظهر من الزجاج

هاتف ايفون 16 برو ماكس يأتي مقاوم للماء والغبار بمعيار IP68، مقاومة الماء تصل الى عمق 6 امتار ولمدة 30 دقيقة تحت الماء","الهاتف لا يدعم إمكانية تصوير الفيديو بدقة 8K

الهاتف لا يأتي مرفق معه شاحن في العلبة، يتوجب عليك شراء شاحن بشكل منفصل

الهاتف لا يأتي مزود بمنفذ سماعات الأذن 3.5mm jack

الهاتف لا يدعم إمكانيات توسيع التخزين الخارجي عبر بطاقة الميموري كارد لأنه لا يأتي مزود بفتحة بطاقة الميموري كارد MicroSD",العالمي,2024-09-1 0:16,"تيتانيوم أسود
تيتانيوم أبيض
تيتانيوم طبيعي
تيتانيوم صحراوي (ذهبي)",163 مم,77.6 مم,8.3 مم,,,227 غرام,"الإطار: التيتانيوم
الظهر: الزجاج",5G,"شبكات 3G تصل حتى 42 ميجابايت
شبكات 4G تصل حتى 1.2 جيجابايت
شبكات 5G تصل حتى 3.7 جيجابايت","Nano SIM<br>,eSIM<br>",شريحة واحدة,"GPRS<br>,EDGE<br>",LTPO OLED,6.9 بوصة,120 هرتز,1320x2868 بكسل,19.5:9,91.4 في المئة,460 بكسل في كل إنش,2000 شمعة,,,زجاج Ceramic Shield,"خاصية Always-On display
تقنية Dolby Vision
تقنية HDR10
وضع حماية العين
الوضع الليلي
16 مليون لون",,,,,,,,,,,,Apple A18 Pro,3 نانومتر,سداسي النواة,,Apple GPU (سداسي النواة),8 جيجابايت<br>,"256 جيجابايت<br>,512 جيجابايت<br>,1 تيرابايت<br>",,,لا يدعم,,iOS 18,,48 + 12 + 48 ميجابكسل,48 + 12 + 48 ميجابكسل,"48 ميجابكسل: كاميرا رئيسية (OIS+AF)
12 ميجابكسل: تقريب بصري (OIS+AF)
48 ميجابكسل: زاوية واسعة (AF)",,,"التركيز التلقائي اوتو فوكس (AF)
التصوير بزاوية واسعة Ultrawide
وضع عزل الخلفية
وضع التصوير الليلي
وضع التصوير الإحترافي
كشف الوجوه والابتسامات
تقنية HDR
بانوراما
إعدادات ISO
التركيز باللمس
العنونة الجغرافية","تقريب بصري حتى 5x
تقريب رقمي حتى 25x","تقنية التثبيت البصري (OIS)
تقنية التثبيت الرقمي (EIS)","دقة 4K (بمعدل 120 إطار)
دقة FHD (بمعدل 240 إطار)
دقة FHD (بمعدل 120 إطار)","دقة 4K (بمعدل 30/60 إطار)
دقة FHD (بمعدل 30/60 إطار)
تصوير الفيديو بتقنية Dolby Vision HDR",يدعم,,,,,,12 ميجابكسل,,"التركيز التلقائي اوتو فوكس (AF)
وضع عزل الخلفية
وضع التصوير الليلي
تقنية HDR
المؤقت الذاتي
إشارة الالتقاط
كشف الوجوه والابتسامات","دقة 4K (بمعدل 30/60 إطار)
دقة FHD (بمعدل 30/60 إطار)
تقنية التثبيت الرقمي (EIS)
تقنية التثبيت البصري (OIS)
التصوير بالحركة البطيئة (Slow Motion)
تصوير الفيديو بتقنية Dolby Vision HDR",لا يدعم,يدعم (2 سماعات ستيريو),لا يدعم,لا يدعم,,"إصدار Wi-Fi 7
b/g/n/ac/ax/be
Dual-band
Hotspot نقطة الاتصال","إصدار 5.3
A2DP
LE",يدعم,يدعم,لا يدعم,منفذ USB Type-C 3.2,يدعم,شحن 50 في المئة في 30 دقيقة,15 واط,لا يدعم,غير معروفة,ليثيوم ايون,غير قابلة للإزالة,"جيروسكوب
البوصلة
بارومتر
التسارع
التقارب","التعرف على الوجه (Face ID)
الرقم السري
كلمة السر",الهاتف مقاوم للماء والغبار بمعيار IP68 (مقاومة الماء تصل الى 6 أمتار و30 دقيقة تحت الماء),"الجهاز
كابل USB Type-C","دعم تقنية اتصال عبر الأقمار الصناعية (الرسائل ورسائل الطوارئ والبحث عن الهاتف)
تقنية النطاق العريض (UWB)
المساعد الشخصي Siri
خاصية Apple Pay","iphone 16 pro max,ايفون 16 برو ماكس,مواصفات iphone 16 pro max,مواصفات ايفون 16 برو ماكس,سعر iphone 16 pro max,سعر ايفون 16 برو ماكس,مميزات iphone 16 pro max,مميزات ايفون 16 برو ماكس,عيوب iphone 16 pro max,عيوب ايفون 16 برو ماكس","هواتف,أيفون"
